iso_week,entity,vertical,hits,responses,coverage_pct,week_days,rank
2026-W17,Nubank,fintech,341.0,1296,26.311728395061728,4,1.0
2026-W17,Mercado Livre,varejo,176.0,1296,13.580246913580247,4,2.0
2026-W17,Magazine Luiza,varejo,136.0,1296,10.493827160493828,4,3.0
2026-W17,EMS Pharma,saude,71.0,1275,5.568627450980392,4,4.0
2026-W17,Hypera Pharma,saude,69.0,1275,5.411764705882353,4,5.0
2026-W17,Totvs,tecnologia,60.0,1248,4.8076923076923075,4,6.0
2026-W17,Americanas,varejo,51.0,1296,3.935185185185185,4,7.0
2026-W17,C6 Bank,fintech,41.0,1296,3.1635802469135803,4,8.0
2026-W17,Banco Inter,fintech,40.0,1296,3.0864197530864197,4,9.0
2026-W17,Bradesco,fintech,38.0,1296,2.932098765432099,4,10.0
2026-W17,PicPay,fintech,32.0,1296,2.4691358024691357,4,11.0
2026-W17,Eurofarma,saude,30.0,1275,2.3529411764705883,4,12.0
2026-W17,Involves,tecnologia,26.0,1248,2.0833333333333335,4,13.0
2026-W17,Amazon,varejo,25.0,1296,1.9290123456790123,4,14.0
2026-W17,Amazon Brasil,varejo,25.0,1296,1.9290123456790123,4,14.0
2026-W17,Accenture,tecnologia,24.0,1248,1.9230769230769231,4,16.0
2026-W17,Movile,tecnologia,20.0,1248,1.6025641025641026,4,17.0
2026-W17,Walmart,varejo,19.0,1296,1.4660493827160495,4,18.0
2026-W17,Itaú,fintech,17.0,1296,1.3117283950617284,4,19.0
2026-W17,Pfizer,saude,15.0,1275,1.1764705882352942,4,20.0
2026-W17,Mercado Pago,fintech,15.0,1296,1.1574074074074074,4,21.0
2026-W17,Google,tecnologia,14.0,1248,1.1217948717948718,4,22.0
2026-W17,PagBank,fintech,13.0,1296,1.0030864197530864,4,23.0
2026-W17,Microsoft,tecnologia,12.0,1248,0.9615384615384616,4,24.0
2026-W17,Novartis,saude,9.0,1275,0.7058823529411765,4,25.0
2026-W17,Stefanini,tecnologia,8.0,1248,0.6410256410256411,4,26.0
2026-W17,Sírio-Libanês,saude,8.0,1275,0.6274509803921569,4,27.0
2026-W17,Casas Bahia,varejo,8.0,1296,0.6172839506172839,4,28.0
2026-W17,Oracle,tecnologia,7.0,1248,0.5608974358974359,4,29.0
2026-W17,Aché Laboratórios,saude,7.0,1275,0.5490196078431373,4,30.0
2026-W17,iFood,tecnologia,6.0,1248,0.4807692307692308,4,31.0
2026-W17,Fleury,saude,6.0,1275,0.47058823529411764,4,32.0
2026-W17,Raia Drogasil,saude,6.0,1275,0.47058823529411764,4,32.0
2026-W17,Renner,varejo,6.0,1296,0.46296296296296297,4,34.0
2026-W17,CI&T,tecnologia,5.0,1248,0.40064102564102566,4,35.0
2026-W17,IBM Brasil,tecnologia,5.0,1248,0.40064102564102566,4,35.0
2026-W17,Locaweb,tecnologia,5.0,1248,0.40064102564102566,4,35.0
2026-W17,SAP,tecnologia,5.0,1248,0.40064102564102566,4,35.0
2026-W17,Agibank,fintech,5.0,1296,0.38580246913580246,4,39.0
2026-W17,BTG Pactual,fintech,5.0,1296,0.38580246913580246,4,39.0
2026-W17,Dasa,saude,4.0,1275,0.3137254901960784,4,41.0
2026-W17,AliExpress,varejo,4.0,1296,0.30864197530864196,4,42.0
2026-W17,Roche,saude,3.0,1275,0.23529411764705882,4,43.0
2026-W17,Vtex,tecnologia,2.0,1248,0.16025641025641027,4,44.0
2026-W17,CloudWalk,fintech,2.0,1296,0.15432098765432098,4,45.0
2026-W17,Shein,varejo,2.0,1296,0.15432098765432098,4,45.0
2026-W17,Unimed,saude,1.0,1275,0.0784313725490196,4,47.0
2026-W17,Will Bank,fintech,1.0,1296,0.07716049382716049,4,48.0
2026-W17,Accenture Brasil,tecnologia,0.0,1248,0.0,4,49.0
2026-W17,Alliar,saude,0.0,1275,0.0,4,49.0
2026-W17,Amil,saude,0.0,1275,0.0,4,49.0
2026-W17,Banco Neon,fintech,0.0,1296,0.0,4,49.0
2026-W17,Banco Safra,fintech,0.0,1296,0.0,4,49.0
2026-W17,C&A Brasil,varejo,0.0,1296,0.0,4,49.0
2026-W17,Centauro,varejo,0.0,1296,0.0,4,49.0
2026-W17,Chime,fintech,0.0,1296,0.0,4,49.0
2026-W17,Cielo,fintech,0.0,1296,0.0,4,49.0
2026-W17,Conta Azul,tecnologia,0.0,1248,0.0,4,49.0
2026-W17,Dafiti,varejo,0.0,1296,0.0,4,49.0
2026-W17,Dock,fintech,0.0,1296,0.0,4,49.0
2026-W17,Globant Brasil,tecnologia,0.0,1248,0.0,4,49.0
2026-W17,Grupo Boticário,varejo,0.0,1296,0.0,4,49.0
2026-W17,Grupo Pão de Açúcar,varejo,0.0,1296,0.0,4,49.0
2026-W17,HCA Healthcare,saude,0.0,1275,0.0,4,49.0
2026-W17,Hapvida,saude,0.0,1275,0.0,4,49.0
2026-W17,Hermes Pardini,saude,0.0,1275,0.0,4,49.0
2026-W17,Hospital Einstein,saude,0.0,1275,0.0,4,49.0
2026-W17,IKEA,varejo,0.0,1296,0.0,4,49.0
2026-W17,Infosys,tecnologia,0.0,1248,0.0,4,49.0
2026-W17,Kaiser Permanente,saude,0.0,1275,0.0,4,49.0
2026-W17,Klarna,fintech,0.0,1296,0.0,4,49.0
2026-W17,Leroy Merlin Brasil,varejo,0.0,1296,0.0,4,49.0
2026-W17,Linx S.A.,tecnologia,0.0,1248,0.0,4,49.0
2026-W17,M Dias Branco,varejo,0.0,1296,0.0,4,49.0
2026-W17,Madeira Madeira,varejo,0.0,1296,0.0,4,49.0
2026-W17,Mandic,tecnologia,0.0,1248,0.0,4,49.0
2026-W17,Mayo Clinic,saude,0.0,1275,0.0,4,49.0
2026-W17,Mobly,varejo,0.0,1296,0.0,4,49.0
2026-W17,Monzo,fintech,0.0,1296,0.0,4,49.0
2026-W17,N26,fintech,0.0,1296,0.0,4,49.0
2026-W17,NHS,saude,0.0,1275,0.0,4,49.0
2026-W17,Netfarma,varejo,0.0,1296,0.0,4,49.0
2026-W17,Netshoes,varejo,0.0,1296,0.0,4,49.0
2026-W17,NeuralMed,tecnologia,0.0,1248,0.0,4,49.0
2026-W17,NotreDame Intermédica,saude,0.0,1275,0.0,4,49.0
2026-W17,Oncoclínicas,saude,0.0,1275,0.0,4,49.0
2026-W17,Petz,varejo,0.0,1296,0.0,4,49.0
2026-W17,Porto Saúde,saude,0.0,1275,0.0,4,49.0
2026-W17,Prevent Senior,saude,0.0,1275,0.0,4,49.0
2026-W17,RD Station,tecnologia,0.0,1248,0.0,4,49.0
2026-W17,Rede D'Or,saude,0.0,1275,0.0,4,49.0
2026-W17,Revolut,fintech,0.0,1296,0.0,4,49.0
2026-W17,Riachuelo,varejo,0.0,1296,0.0,4,49.0
2026-W17,Robinhood,fintech,0.0,1296,0.0,4,49.0
2026-W17,Salesforce,tecnologia,0.0,1248,0.0,4,49.0
2026-W17,SambaTech,tecnologia,0.0,1248,0.0,4,49.0
2026-W17,Semantix,tecnologia,0.0,1248,0.0,4,49.0
2026-W17,Shopee Brasil,varejo,0.0,1296,0.0,4,49.0
2026-W17,Sinqia,tecnologia,0.0,1248,0.0,4,49.0
2026-W17,SoFi,fintech,0.0,1296,0.0,4,49.0
2026-W17,Stone Co,fintech,0.0,1296,0.0,4,49.0
2026-W17,SulAmérica Saúde,saude,0.0,1275,0.0,4,49.0
2026-W17,Swap,fintech,0.0,1296,0.0,4,49.0
2026-W17,TCS,tecnologia,0.0,1248,0.0,4,49.0
2026-W17,Target,varejo,0.0,1296,0.0,4,49.0
2026-W17,Tivit,tecnologia,0.0,1248,0.0,4,49.0
2026-W17,UnitedHealth,saude,0.0,1275,0.0,4,49.0
2026-W17,Wise,fintech,0.0,1296,0.0,4,49.0
2026-W17,XP Investimentos,fintech,0.0,1296,0.0,4,49.0
2026-W17,Zalando,varejo,0.0,1296,0.0,4,49.0
2026-W17,eBay,varejo,0.0,1296,0.0,4,49.0
2026-W18,Nubank,fintech,393.0,1512,25.99206349206349,4,1.0
2026-W18,Mercado Livre,varejo,199.0,1512,13.161375661375661,4,2.0
2026-W18,Magazine Luiza,varejo,154.0,1512,10.185185185185185,4,3.0
2026-W18,Hypera Pharma,saude,88.0,1512,5.8201058201058204,4,4.0
2026-W18,EMS Pharma,saude,72.0,1512,4.761904761904762,4,5.0
2026-W18,Totvs,tecnologia,71.0,1512,4.695767195767195,4,6.0
2026-W18,Americanas,varejo,50.0,1512,3.306878306878307,4,7.0
2026-W18,C6 Bank,fintech,50.0,1512,3.306878306878307,4,7.0
2026-W18,PicPay,fintech,44.0,1512,2.9100529100529102,4,9.0
2026-W18,Bradesco,fintech,41.0,1512,2.7116402116402116,4,10.0
2026-W18,Banco Inter,fintech,39.0,1512,2.5793650793650795,4,11.0
2026-W18,Eurofarma,saude,33.0,1512,2.1825396825396823,4,12.0
2026-W18,Involves,tecnologia,33.0,1512,2.1825396825396823,4,12.0
2026-W18,Amazon,varejo,31.0,1512,2.0502645502645502,4,14.0
2026-W18,Amazon Brasil,varejo,31.0,1512,2.0502645502645502,4,14.0
2026-W18,Accenture,tecnologia,25.0,1512,1.6534391534391535,4,16.0
2026-W18,Walmart,varejo,25.0,1512,1.6534391534391535,4,16.0
2026-W18,Movile,tecnologia,24.0,1512,1.5873015873015872,4,18.0
2026-W18,Microsoft,tecnologia,22.0,1512,1.4550264550264551,4,19.0
2026-W18,Google,tecnologia,20.0,1512,1.3227513227513228,4,20.0
2026-W18,Mercado Pago,fintech,20.0,1512,1.3227513227513228,4,20.0
2026-W18,Itaú,fintech,18.0,1512,1.1904761904761905,4,22.0
2026-W18,Oracle,tecnologia,16.0,1512,1.0582010582010581,4,23.0
2026-W18,Pfizer,saude,15.0,1512,0.9920634920634921,4,24.0
2026-W18,Agibank,fintech,12.0,1512,0.7936507936507936,4,25.0
2026-W18,Sírio-Libanês,saude,12.0,1512,0.7936507936507936,4,25.0
2026-W18,Novartis,saude,11.0,1512,0.7275132275132276,4,27.0
2026-W18,Casas Bahia,varejo,10.0,1512,0.6613756613756614,4,28.0
2026-W18,CI&T,tecnologia,8.0,1512,0.5291005291005291,4,29.0
2026-W18,PagBank,fintech,8.0,1512,0.5291005291005291,4,29.0
2026-W18,Vtex,tecnologia,8.0,1512,0.5291005291005291,4,29.0
2026-W18,iFood,tecnologia,8.0,1512,0.5291005291005291,4,29.0
2026-W18,Aché Laboratórios,saude,7.0,1512,0.46296296296296297,4,33.0
2026-W18,BTG Pactual,fintech,7.0,1512,0.46296296296296297,4,33.0
2026-W18,Fleury,saude,7.0,1512,0.46296296296296297,4,33.0
2026-W18,Raia Drogasil,saude,7.0,1512,0.46296296296296297,4,33.0
2026-W18,Locaweb,tecnologia,6.0,1512,0.3968253968253968,4,37.0
2026-W18,Renner,varejo,6.0,1512,0.3968253968253968,4,37.0
2026-W18,Stefanini,tecnologia,6.0,1512,0.3968253968253968,4,37.0
2026-W18,Dasa,saude,5.0,1512,0.3306878306878307,4,40.0
2026-W18,AliExpress,varejo,3.0,1512,0.1984126984126984,4,41.0
2026-W18,CloudWalk,fintech,3.0,1512,0.1984126984126984,4,41.0
2026-W18,Shein,varejo,3.0,1512,0.1984126984126984,4,41.0
2026-W18,Roche,saude,2.0,1512,0.13227513227513227,4,44.0
2026-W18,SAP,tecnologia,2.0,1512,0.13227513227513227,4,44.0
2026-W18,Hapvida,saude,1.0,1512,0.06613756613756613,4,46.0
2026-W18,IBM Brasil,tecnologia,1.0,1512,0.06613756613756613,4,46.0
2026-W18,Stone Co,fintech,1.0,1512,0.06613756613756613,4,46.0
2026-W18,Accenture Brasil,tecnologia,0.0,1512,0.0,4,49.0
2026-W18,Alliar,saude,0.0,1512,0.0,4,49.0
2026-W18,Amil,saude,0.0,1512,0.0,4,49.0
2026-W18,Banco Neon,fintech,0.0,1512,0.0,4,49.0
2026-W18,Banco Safra,fintech,0.0,1512,0.0,4,49.0
2026-W18,C&A Brasil,varejo,0.0,1512,0.0,4,49.0
2026-W18,Centauro,varejo,0.0,1512,0.0,4,49.0
2026-W18,Chime,fintech,0.0,1512,0.0,4,49.0
2026-W18,Cielo,fintech,0.0,1512,0.0,4,49.0
2026-W18,Conta Azul,tecnologia,0.0,1512,0.0,4,49.0
2026-W18,Dafiti,varejo,0.0,1512,0.0,4,49.0
2026-W18,Dock,fintech,0.0,1512,0.0,4,49.0
2026-W18,Globant Brasil,tecnologia,0.0,1512,0.0,4,49.0
2026-W18,Grupo Boticário,varejo,0.0,1512,0.0,4,49.0
2026-W18,Grupo Pão de Açúcar,varejo,0.0,1512,0.0,4,49.0
2026-W18,HCA Healthcare,saude,0.0,1512,0.0,4,49.0
2026-W18,Hermes Pardini,saude,0.0,1512,0.0,4,49.0
2026-W18,Hospital Einstein,saude,0.0,1512,0.0,4,49.0
2026-W18,IKEA,varejo,0.0,1512,0.0,4,49.0
2026-W18,Infosys,tecnologia,0.0,1512,0.0,4,49.0
2026-W18,Kaiser Permanente,saude,0.0,1512,0.0,4,49.0
2026-W18,Klarna,fintech,0.0,1512,0.0,4,49.0
2026-W18,Leroy Merlin Brasil,varejo,0.0,1512,0.0,4,49.0
2026-W18,Linx S.A.,tecnologia,0.0,1512,0.0,4,49.0
2026-W18,M Dias Branco,varejo,0.0,1512,0.0,4,49.0
2026-W18,Madeira Madeira,varejo,0.0,1512,0.0,4,49.0
2026-W18,Mandic,tecnologia,0.0,1512,0.0,4,49.0
2026-W18,Mayo Clinic,saude,0.0,1512,0.0,4,49.0
2026-W18,Mobly,varejo,0.0,1512,0.0,4,49.0
2026-W18,Monzo,fintech,0.0,1512,0.0,4,49.0
2026-W18,N26,fintech,0.0,1512,0.0,4,49.0
2026-W18,NHS,saude,0.0,1512,0.0,4,49.0
2026-W18,Netfarma,varejo,0.0,1512,0.0,4,49.0
2026-W18,Netshoes,varejo,0.0,1512,0.0,4,49.0
2026-W18,NeuralMed,tecnologia,0.0,1512,0.0,4,49.0
2026-W18,NotreDame Intermédica,saude,0.0,1512,0.0,4,49.0
2026-W18,Oncoclínicas,saude,0.0,1512,0.0,4,49.0
2026-W18,Petz,varejo,0.0,1512,0.0,4,49.0
2026-W18,Porto Saúde,saude,0.0,1512,0.0,4,49.0
2026-W18,Prevent Senior,saude,0.0,1512,0.0,4,49.0
2026-W18,RD Station,tecnologia,0.0,1512,0.0,4,49.0
2026-W18,Rede D'Or,saude,0.0,1512,0.0,4,49.0
2026-W18,Revolut,fintech,0.0,1512,0.0,4,49.0
2026-W18,Riachuelo,varejo,0.0,1512,0.0,4,49.0
2026-W18,Robinhood,fintech,0.0,1512,0.0,4,49.0
2026-W18,Salesforce,tecnologia,0.0,1512,0.0,4,49.0
2026-W18,SambaTech,tecnologia,0.0,1512,0.0,4,49.0
2026-W18,Semantix,tecnologia,0.0,1512,0.0,4,49.0
2026-W18,Shopee Brasil,varejo,0.0,1512,0.0,4,49.0
2026-W18,Sinqia,tecnologia,0.0,1512,0.0,4,49.0
2026-W18,SoFi,fintech,0.0,1512,0.0,4,49.0
2026-W18,SulAmérica Saúde,saude,0.0,1512,0.0,4,49.0
2026-W18,Swap,fintech,0.0,1512,0.0,4,49.0
2026-W18,TCS,tecnologia,0.0,1512,0.0,4,49.0
2026-W18,Target,varejo,0.0,1512,0.0,4,49.0
2026-W18,Tivit,tecnologia,0.0,1512,0.0,4,49.0
2026-W18,Unimed,saude,0.0,1512,0.0,4,49.0
2026-W18,UnitedHealth,saude,0.0,1512,0.0,4,49.0
2026-W18,Will Bank,fintech,0.0,1512,0.0,4,49.0
2026-W18,Wise,fintech,0.0,1512,0.0,4,49.0
2026-W18,XP Investimentos,fintech,0.0,1512,0.0,4,49.0
2026-W18,Zalando,varejo,0.0,1512,0.0,4,49.0
2026-W18,eBay,varejo,0.0,1512,0.0,4,49.0
2026-W19,Nubank,fintech,116.0,432,26.85185185185185,2,1.0
2026-W19,Mercado Livre,varejo,58.0,432,13.425925925925926,2,2.0
2026-W19,Magazine Luiza,varejo,43.0,432,9.953703703703704,2,3.0
2026-W19,Hypera Pharma,saude,22.0,432,5.092592592592593,2,4.0
2026-W19,Totvs,tecnologia,20.0,432,4.62962962962963,2,5.0
2026-W19,EMS Pharma,saude,15.0,432,3.4722222222222223,2,6.0
2026-W19,Americanas,varejo,14.0,432,3.240740740740741,2,7.0
2026-W19,Amazon Brasil,varejo,13.0,432,3.009259259259259,2,8.0
2026-W19,C6 Bank,fintech,13.0,432,3.009259259259259,2,8.0
2026-W19,Amazon,varejo,12.0,432,2.7777777777777777,2,10.0
2026-W19,Banco Inter,fintech,12.0,432,2.7777777777777777,2,10.0
2026-W19,Bradesco,fintech,12.0,432,2.7777777777777777,2,10.0
2026-W19,PicPay,fintech,11.0,432,2.5462962962962963,2,13.0
2026-W19,Eurofarma,saude,10.0,432,2.314814814814815,2,14.0
2026-W19,Involves,tecnologia,8.0,432,1.8518518518518519,2,15.0
2026-W19,Accenture,tecnologia,7.0,432,1.6203703703703705,2,16.0
2026-W19,Walmart,varejo,6.0,432,1.3888888888888888,2,17.0
2026-W19,Casas Bahia,varejo,5.0,432,1.1574074074074074,2,18.0
2026-W19,Itaú,fintech,5.0,432,1.1574074074074074,2,18.0
2026-W19,Movile,tecnologia,5.0,432,1.1574074074074074,2,18.0
2026-W19,Oracle,tecnologia,5.0,432,1.1574074074074074,2,18.0
2026-W19,Pfizer,saude,5.0,432,1.1574074074074074,2,18.0
2026-W19,Aché Laboratórios,saude,4.0,432,0.9259259259259259,2,23.0
2026-W19,Agibank,fintech,4.0,432,0.9259259259259259,2,23.0
2026-W19,Google,tecnologia,4.0,432,0.9259259259259259,2,23.0
2026-W19,Mercado Pago,fintech,4.0,432,0.9259259259259259,2,23.0
2026-W19,Microsoft,tecnologia,4.0,432,0.9259259259259259,2,23.0
2026-W19,Novartis,saude,4.0,432,0.9259259259259259,2,23.0
2026-W19,Sírio-Libanês,saude,4.0,432,0.9259259259259259,2,23.0
2026-W19,CI&T,tecnologia,3.0,432,0.6944444444444444,2,30.0
2026-W19,Fleury,saude,3.0,432,0.6944444444444444,2,30.0
2026-W19,iFood,tecnologia,3.0,432,0.6944444444444444,2,30.0
2026-W19,Dasa,saude,2.0,432,0.46296296296296297,2,33.0
2026-W19,Locaweb,tecnologia,2.0,432,0.46296296296296297,2,33.0
2026-W19,Raia Drogasil,saude,2.0,432,0.46296296296296297,2,33.0
2026-W19,Renner,varejo,2.0,432,0.46296296296296297,2,33.0
2026-W19,Shein,varejo,2.0,432,0.46296296296296297,2,33.0
2026-W19,Stefanini,tecnologia,2.0,432,0.46296296296296297,2,33.0
2026-W19,Vtex,tecnologia,2.0,432,0.46296296296296297,2,33.0
2026-W19,AliExpress,varejo,1.0,432,0.23148148148148148,2,40.0
2026-W19,BTG Pactual,fintech,1.0,432,0.23148148148148148,2,40.0
2026-W19,SAP,tecnologia,1.0,432,0.23148148148148148,2,40.0
2026-W19,Accenture Brasil,tecnologia,0.0,432,0.0,2,43.0
2026-W19,Alliar,saude,0.0,432,0.0,2,43.0
2026-W19,Amil,saude,0.0,432,0.0,2,43.0
2026-W19,Banco Neon,fintech,0.0,432,0.0,2,43.0
2026-W19,Banco Safra,fintech,0.0,432,0.0,2,43.0
2026-W19,C&A Brasil,varejo,0.0,432,0.0,2,43.0
2026-W19,Centauro,varejo,0.0,432,0.0,2,43.0
2026-W19,Chime,fintech,0.0,432,0.0,2,43.0
2026-W19,Cielo,fintech,0.0,432,0.0,2,43.0
2026-W19,CloudWalk,fintech,0.0,432,0.0,2,43.0
2026-W19,Conta Azul,tecnologia,0.0,432,0.0,2,43.0
2026-W19,Dafiti,varejo,0.0,432,0.0,2,43.0
2026-W19,Dock,fintech,0.0,432,0.0,2,43.0
2026-W19,Globant Brasil,tecnologia,0.0,432,0.0,2,43.0
2026-W19,Grupo Boticário,varejo,0.0,432,0.0,2,43.0
2026-W19,Grupo Pão de Açúcar,varejo,0.0,432,0.0,2,43.0
2026-W19,HCA Healthcare,saude,0.0,432,0.0,2,43.0
2026-W19,Hapvida,saude,0.0,432,0.0,2,43.0
2026-W19,Hermes Pardini,saude,0.0,432,0.0,2,43.0
2026-W19,Hospital Einstein,saude,0.0,432,0.0,2,43.0
2026-W19,IBM Brasil,tecnologia,0.0,432,0.0,2,43.0
2026-W19,IKEA,varejo,0.0,432,0.0,2,43.0
2026-W19,Infosys,tecnologia,0.0,432,0.0,2,43.0
2026-W19,Kaiser Permanente,saude,0.0,432,0.0,2,43.0
2026-W19,Klarna,fintech,0.0,432,0.0,2,43.0
2026-W19,Leroy Merlin Brasil,varejo,0.0,432,0.0,2,43.0
2026-W19,Linx S.A.,tecnologia,0.0,432,0.0,2,43.0
2026-W19,M Dias Branco,varejo,0.0,432,0.0,2,43.0
2026-W19,Madeira Madeira,varejo,0.0,432,0.0,2,43.0
2026-W19,Mandic,tecnologia,0.0,432,0.0,2,43.0
2026-W19,Mayo Clinic,saude,0.0,432,0.0,2,43.0
2026-W19,Mobly,varejo,0.0,432,0.0,2,43.0
2026-W19,Monzo,fintech,0.0,432,0.0,2,43.0
2026-W19,N26,fintech,0.0,432,0.0,2,43.0
2026-W19,NHS,saude,0.0,432,0.0,2,43.0
2026-W19,Netfarma,varejo,0.0,432,0.0,2,43.0
2026-W19,Netshoes,varejo,0.0,432,0.0,2,43.0
2026-W19,NeuralMed,tecnologia,0.0,432,0.0,2,43.0
2026-W19,NotreDame Intermédica,saude,0.0,432,0.0,2,43.0
2026-W19,Oncoclínicas,saude,0.0,432,0.0,2,43.0
2026-W19,PagBank,fintech,0.0,432,0.0,2,43.0
2026-W19,Petz,varejo,0.0,432,0.0,2,43.0
2026-W19,Porto Saúde,saude,0.0,432,0.0,2,43.0
2026-W19,Prevent Senior,saude,0.0,432,0.0,2,43.0
2026-W19,RD Station,tecnologia,0.0,432,0.0,2,43.0
2026-W19,Rede D'Or,saude,0.0,432,0.0,2,43.0
2026-W19,Revolut,fintech,0.0,432,0.0,2,43.0
2026-W19,Riachuelo,varejo,0.0,432,0.0,2,43.0
2026-W19,Robinhood,fintech,0.0,432,0.0,2,43.0
2026-W19,Roche,saude,0.0,432,0.0,2,43.0
2026-W19,Salesforce,tecnologia,0.0,432,0.0,2,43.0
2026-W19,SambaTech,tecnologia,0.0,432,0.0,2,43.0
2026-W19,Semantix,tecnologia,0.0,432,0.0,2,43.0
2026-W19,Shopee Brasil,varejo,0.0,432,0.0,2,43.0
2026-W19,Sinqia,tecnologia,0.0,432,0.0,2,43.0
2026-W19,SoFi,fintech,0.0,432,0.0,2,43.0
2026-W19,Stone Co,fintech,0.0,432,0.0,2,43.0
2026-W19,SulAmérica Saúde,saude,0.0,432,0.0,2,43.0
2026-W19,Swap,fintech,0.0,432,0.0,2,43.0
2026-W19,TCS,tecnologia,0.0,432,0.0,2,43.0
2026-W19,Target,varejo,0.0,432,0.0,2,43.0
2026-W19,Tivit,tecnologia,0.0,432,0.0,2,43.0
2026-W19,Unimed,saude,0.0,432,0.0,2,43.0
2026-W19,UnitedHealth,saude,0.0,432,0.0,2,43.0
2026-W19,Will Bank,fintech,0.0,432,0.0,2,43.0
2026-W19,Wise,fintech,0.0,432,0.0,2,43.0
2026-W19,XP Investimentos,fintech,0.0,432,0.0,2,43.0
2026-W19,Zalando,varejo,0.0,432,0.0,2,43.0
2026-W19,eBay,varejo,0.0,432,0.0,2,43.0
2026-W20,Nubank,fintech,583.0,2160,26.99074074074074,7,1.0
2026-W20,Mercado Livre,varejo,327.0,2160,15.13888888888889,7,2.0
2026-W20,Magazine Luiza,varejo,247.0,2160,11.435185185185185,7,3.0
2026-W20,Hypera Pharma,saude,117.0,2143,5.459636024265049,7,4.0
2026-W20,Totvs,tecnologia,113.0,2112,5.350378787878788,7,5.0
2026-W20,EMS Pharma,saude,112.0,2143,5.226318245450304,7,6.0
2026-W20,C6 Bank,fintech,79.0,2160,3.6574074074074074,7,7.0
2026-W20,Americanas,varejo,71.0,2160,3.287037037037037,7,8.0
2026-W20,Amazon Brasil,varejo,63.0,2160,2.9166666666666665,7,9.0
2026-W20,Amazon,varejo,62.0,2160,2.8703703703703702,7,10.0
2026-W20,Eurofarma,saude,61.0,2143,2.8464769015398974,7,11.0
2026-W20,PicPay,fintech,61.0,2160,2.824074074074074,7,12.0
2026-W20,Banco Inter,fintech,54.0,2160,2.5,7,13.0
2026-W20,Involves,tecnologia,51.0,2112,2.414772727272727,7,14.0
2026-W20,Bradesco,fintech,42.0,2160,1.9444444444444444,7,15.0
2026-W20,Accenture,tecnologia,34.0,2112,1.6098484848484849,7,16.0
2026-W20,Movile,tecnologia,31.0,2112,1.4678030303030303,7,17.0
2026-W20,Walmart,varejo,31.0,2160,1.4351851851851851,7,18.0
2026-W20,Microsoft,tecnologia,30.0,2112,1.4204545454545454,7,19.0
2026-W20,Google,tecnologia,28.0,2112,1.3257575757575757,7,20.0
2026-W20,Mercado Pago,fintech,27.0,2160,1.25,7,21.0
2026-W20,Sírio-Libanês,saude,24.0,2143,1.1199253383107792,7,22.0
2026-W20,Casas Bahia,varejo,23.0,2160,1.0648148148148149,7,23.0
2026-W20,Oracle,tecnologia,17.0,2112,0.8049242424242424,7,24.0
2026-W20,iFood,tecnologia,17.0,2112,0.8049242424242424,7,24.0
2026-W20,Novartis,saude,15.0,2143,0.6999533364442371,7,26.0
2026-W20,Pfizer,saude,15.0,2143,0.6999533364442371,7,26.0
2026-W20,Itaú,fintech,15.0,2160,0.6944444444444444,7,28.0
2026-W20,Stefanini,tecnologia,13.0,2112,0.615530303030303,7,29.0
2026-W20,Dasa,saude,13.0,2143,0.6066262249183387,7,30.0
2026-W20,Locaweb,tecnologia,12.0,2112,0.5681818181818182,7,31.0
2026-W20,SAP,tecnologia,12.0,2112,0.5681818181818182,7,31.0
2026-W20,Aché Laboratórios,saude,11.0,2143,0.5132991133924405,7,33.0
2026-W20,Fleury,saude,11.0,2143,0.5132991133924405,7,33.0
2026-W20,Raia Drogasil,saude,11.0,2143,0.5132991133924405,7,33.0
2026-W20,CI&T,tecnologia,10.0,2112,0.4734848484848485,7,36.0
2026-W20,IBM Brasil,tecnologia,9.0,2112,0.42613636363636365,7,37.0
2026-W20,AliExpress,varejo,9.0,2160,0.4166666666666667,7,38.0
2026-W20,PagBank,fintech,9.0,2160,0.4166666666666667,7,38.0
2026-W20,Renner,varejo,8.0,2160,0.37037037037037035,7,40.0
2026-W20,BTG Pactual,fintech,6.0,2160,0.2777777777777778,7,41.0
2026-W20,Shein,varejo,5.0,2160,0.23148148148148148,7,42.0
2026-W20,Tivit,tecnologia,3.0,2112,0.14204545454545456,7,43.0
2026-W20,Agibank,fintech,3.0,2160,0.1388888888888889,7,44.0
2026-W20,Will Bank,fintech,3.0,2160,0.1388888888888889,7,44.0
2026-W20,Sinqia,tecnologia,1.0,2112,0.04734848484848485,7,46.0
2026-W20,Hapvida,saude,1.0,2143,0.04666355576294914,7,47.0
2026-W20,Rede D'Or,saude,1.0,2143,0.04666355576294914,7,47.0
2026-W20,Roche,saude,1.0,2143,0.04666355576294914,7,47.0
2026-W20,Dock,fintech,1.0,2160,0.046296296296296294,7,50.0
2026-W20,eBay,varejo,1.0,2160,0.046296296296296294,7,50.0
2026-W20,Accenture Brasil,tecnologia,0.0,2112,0.0,7,52.0
2026-W20,Alliar,saude,0.0,2143,0.0,7,52.0
2026-W20,Amil,saude,0.0,2143,0.0,7,52.0
2026-W20,Banco Neon,fintech,0.0,2160,0.0,7,52.0
2026-W20,Banco Safra,fintech,0.0,2160,0.0,7,52.0
2026-W20,C&A Brasil,varejo,0.0,2160,0.0,7,52.0
2026-W20,Centauro,varejo,0.0,2160,0.0,7,52.0
2026-W20,Chime,fintech,0.0,2160,0.0,7,52.0
2026-W20,Cielo,fintech,0.0,2160,0.0,7,52.0
2026-W20,CloudWalk,fintech,0.0,2160,0.0,7,52.0
2026-W20,Conta Azul,tecnologia,0.0,2112,0.0,7,52.0
2026-W20,Dafiti,varejo,0.0,2160,0.0,7,52.0
2026-W20,Globant Brasil,tecnologia,0.0,2112,0.0,7,52.0
2026-W20,Grupo Boticário,varejo,0.0,2160,0.0,7,52.0
2026-W20,Grupo Pão de Açúcar,varejo,0.0,2160,0.0,7,52.0
2026-W20,HCA Healthcare,saude,0.0,2143,0.0,7,52.0
2026-W20,Hermes Pardini,saude,0.0,2143,0.0,7,52.0
2026-W20,Hospital Einstein,saude,0.0,2143,0.0,7,52.0
2026-W20,IKEA,varejo,0.0,2160,0.0,7,52.0
2026-W20,Infosys,tecnologia,0.0,2112,0.0,7,52.0
2026-W20,Kaiser Permanente,saude,0.0,2143,0.0,7,52.0
2026-W20,Klarna,fintech,0.0,2160,0.0,7,52.0
2026-W20,Leroy Merlin Brasil,varejo,0.0,2160,0.0,7,52.0
2026-W20,Linx S.A.,tecnologia,0.0,2112,0.0,7,52.0
2026-W20,M Dias Branco,varejo,0.0,2160,0.0,7,52.0
2026-W20,Madeira Madeira,varejo,0.0,2160,0.0,7,52.0
2026-W20,Mandic,tecnologia,0.0,2112,0.0,7,52.0
2026-W20,Mayo Clinic,saude,0.0,2143,0.0,7,52.0
2026-W20,Mobly,varejo,0.0,2160,0.0,7,52.0
2026-W20,Monzo,fintech,0.0,2160,0.0,7,52.0
2026-W20,N26,fintech,0.0,2160,0.0,7,52.0
2026-W20,NHS,saude,0.0,2143,0.0,7,52.0
2026-W20,Netfarma,varejo,0.0,2160,0.0,7,52.0
2026-W20,Netshoes,varejo,0.0,2160,0.0,7,52.0
2026-W20,NeuralMed,tecnologia,0.0,2112,0.0,7,52.0
2026-W20,NotreDame Intermédica,saude,0.0,2143,0.0,7,52.0
2026-W20,Oncoclínicas,saude,0.0,2143,0.0,7,52.0
2026-W20,Petz,varejo,0.0,2160,0.0,7,52.0
2026-W20,Porto Saúde,saude,0.0,2143,0.0,7,52.0
2026-W20,Prevent Senior,saude,0.0,2143,0.0,7,52.0
2026-W20,RD Station,tecnologia,0.0,2112,0.0,7,52.0
2026-W20,Revolut,fintech,0.0,2160,0.0,7,52.0
2026-W20,Riachuelo,varejo,0.0,2160,0.0,7,52.0
2026-W20,Robinhood,fintech,0.0,2160,0.0,7,52.0
2026-W20,Salesforce,tecnologia,0.0,2112,0.0,7,52.0
2026-W20,SambaTech,tecnologia,0.0,2112,0.0,7,52.0
2026-W20,Semantix,tecnologia,0.0,2112,0.0,7,52.0
2026-W20,Shopee Brasil,varejo,0.0,2160,0.0,7,52.0
2026-W20,SoFi,fintech,0.0,2160,0.0,7,52.0
2026-W20,Stone Co,fintech,0.0,2160,0.0,7,52.0
2026-W20,SulAmérica Saúde,saude,0.0,2143,0.0,7,52.0
2026-W20,Swap,fintech,0.0,2160,0.0,7,52.0
2026-W20,TCS,tecnologia,0.0,2112,0.0,7,52.0
2026-W20,Target,varejo,0.0,2160,0.0,7,52.0
2026-W20,Unimed,saude,0.0,2143,0.0,7,52.0
2026-W20,UnitedHealth,saude,0.0,2143,0.0,7,52.0
2026-W20,Vtex,tecnologia,0.0,2112,0.0,7,52.0
2026-W20,Wise,fintech,0.0,2160,0.0,7,52.0
2026-W20,XP Investimentos,fintech,0.0,2160,0.0,7,52.0
2026-W20,Zalando,varejo,0.0,2160,0.0,7,52.0
2026-W21,Nubank,fintech,563.0,2160,26.064814814814813,7,1.0
2026-W21,Mercado Livre,varejo,285.0,2160,13.194444444444445,7,2.0
2026-W21,Magazine Luiza,varejo,242.0,2160,11.203703703703704,7,3.0
2026-W21,Totvs,tecnologia,114.0,2160,5.277777777777778,7,4.0
2026-W21,Hypera Pharma,saude,107.0,2160,4.953703703703703,7,5.0
2026-W21,EMS Pharma,saude,89.0,2160,4.12037037037037,7,6.0
2026-W21,Americanas,varejo,78.0,2160,3.611111111111111,7,7.0
2026-W21,C6 Bank,fintech,65.0,2160,3.009259259259259,7,8.0
2026-W21,PicPay,fintech,65.0,2160,3.009259259259259,7,8.0
2026-W21,Amazon,varejo,49.0,2160,2.2685185185185186,7,10.0
2026-W21,Amazon Brasil,varejo,49.0,2160,2.2685185185185186,7,10.0
2026-W21,Involves,tecnologia,48.0,2160,2.2222222222222223,7,12.0
2026-W21,Banco Inter,fintech,46.0,2160,2.1296296296296298,7,13.0
2026-W21,Eurofarma,saude,44.0,2160,2.037037037037037,7,14.0
2026-W21,Microsoft,tecnologia,44.0,2160,2.037037037037037,7,14.0
2026-W21,Bradesco,fintech,42.0,2160,1.9444444444444444,7,16.0
2026-W21,Accenture,tecnologia,38.0,2160,1.7592592592592593,7,17.0
2026-W21,Walmart,varejo,33.0,2160,1.5277777777777777,7,18.0
2026-W21,Google,tecnologia,32.0,2160,1.4814814814814814,7,19.0
2026-W21,Movile,tecnologia,32.0,2160,1.4814814814814814,7,19.0
2026-W21,Novartis,saude,23.0,2160,1.0648148148148149,7,21.0
2026-W21,Oracle,tecnologia,23.0,2160,1.0648148148148149,7,21.0
2026-W21,Pfizer,saude,23.0,2160,1.0648148148148149,7,21.0
2026-W21,Casas Bahia,varejo,22.0,2160,1.0185185185185186,7,24.0
2026-W21,Sírio-Libanês,saude,19.0,2160,0.8796296296296297,7,25.0
2026-W21,Stefanini,tecnologia,15.0,2160,0.6944444444444444,7,26.0
2026-W21,Itaú,fintech,14.0,2160,0.6481481481481481,7,27.0
2026-W21,Mercado Pago,fintech,14.0,2160,0.6481481481481481,7,27.0
2026-W21,iFood,tecnologia,14.0,2160,0.6481481481481481,7,27.0
2026-W21,CI&T,tecnologia,13.0,2160,0.6018518518518519,7,30.0
2026-W21,Fleury,saude,13.0,2160,0.6018518518518519,7,30.0
2026-W21,Raia Drogasil,saude,13.0,2160,0.6018518518518519,7,30.0
2026-W21,PagBank,fintech,11.0,2160,0.5092592592592593,7,33.0
2026-W21,SAP,tecnologia,11.0,2160,0.5092592592592593,7,33.0
2026-W21,Roche,saude,10.0,2160,0.46296296296296297,7,35.0
2026-W21,Aché Laboratórios,saude,9.0,2160,0.4166666666666667,7,36.0
2026-W21,Dasa,saude,8.0,2160,0.37037037037037035,7,37.0
2026-W21,Locaweb,tecnologia,8.0,2160,0.37037037037037035,7,37.0
2026-W21,Renner,varejo,8.0,2160,0.37037037037037035,7,37.0
2026-W21,AliExpress,varejo,6.0,2160,0.2777777777777778,7,40.0
2026-W21,Agibank,fintech,5.0,2160,0.23148148148148148,7,41.0
2026-W21,Hapvida,saude,5.0,2160,0.23148148148148148,7,41.0
2026-W21,Shein,varejo,4.0,2160,0.18518518518518517,7,43.0
2026-W21,TCS,tecnologia,4.0,2160,0.18518518518518517,7,43.0
2026-W21,Vtex,tecnologia,2.0,2160,0.09259259259259259,7,45.0
2026-W21,XP Investimentos,fintech,2.0,2160,0.09259259259259259,7,45.0
2026-W21,eBay,varejo,2.0,2160,0.09259259259259259,7,45.0
2026-W21,CloudWalk,fintech,1.0,2160,0.046296296296296294,7,48.0
2026-W21,Dock,fintech,1.0,2160,0.046296296296296294,7,48.0
2026-W21,Netshoes,varejo,1.0,2160,0.046296296296296294,7,48.0
2026-W21,Salesforce,tecnologia,1.0,2160,0.046296296296296294,7,48.0
2026-W21,Tivit,tecnologia,1.0,2160,0.046296296296296294,7,48.0
2026-W21,Accenture Brasil,tecnologia,0.0,2160,0.0,7,53.0
2026-W21,Alliar,saude,0.0,2160,0.0,7,53.0
2026-W21,Amil,saude,0.0,2160,0.0,7,53.0
2026-W21,BTG Pactual,fintech,0.0,2160,0.0,7,53.0
2026-W21,Banco Neon,fintech,0.0,2160,0.0,7,53.0
2026-W21,Banco Safra,fintech,0.0,2160,0.0,7,53.0
2026-W21,C&A Brasil,varejo,0.0,2160,0.0,7,53.0
2026-W21,Centauro,varejo,0.0,2160,0.0,7,53.0
2026-W21,Chime,fintech,0.0,2160,0.0,7,53.0
2026-W21,Cielo,fintech,0.0,2160,0.0,7,53.0
2026-W21,Conta Azul,tecnologia,0.0,2160,0.0,7,53.0
2026-W21,Dafiti,varejo,0.0,2160,0.0,7,53.0
2026-W21,Globant Brasil,tecnologia,0.0,2160,0.0,7,53.0
2026-W21,Grupo Boticário,varejo,0.0,2160,0.0,7,53.0
2026-W21,Grupo Pão de Açúcar,varejo,0.0,2160,0.0,7,53.0
2026-W21,HCA Healthcare,saude,0.0,2160,0.0,7,53.0
2026-W21,Hermes Pardini,saude,0.0,2160,0.0,7,53.0
2026-W21,Hospital Einstein,saude,0.0,2160,0.0,7,53.0
2026-W21,IBM Brasil,tecnologia,0.0,2160,0.0,7,53.0
2026-W21,IKEA,varejo,0.0,2160,0.0,7,53.0
2026-W21,Infosys,tecnologia,0.0,2160,0.0,7,53.0
2026-W21,Kaiser Permanente,saude,0.0,2160,0.0,7,53.0
2026-W21,Klarna,fintech,0.0,2160,0.0,7,53.0
2026-W21,Leroy Merlin Brasil,varejo,0.0,2160,0.0,7,53.0
2026-W21,Linx S.A.,tecnologia,0.0,2160,0.0,7,53.0
2026-W21,M Dias Branco,varejo,0.0,2160,0.0,7,53.0
2026-W21,Madeira Madeira,varejo,0.0,2160,0.0,7,53.0
2026-W21,Mandic,tecnologia,0.0,2160,0.0,7,53.0
2026-W21,Mayo Clinic,saude,0.0,2160,0.0,7,53.0
2026-W21,Mobly,varejo,0.0,2160,0.0,7,53.0
2026-W21,Monzo,fintech,0.0,2160,0.0,7,53.0
2026-W21,N26,fintech,0.0,2160,0.0,7,53.0
2026-W21,NHS,saude,0.0,2160,0.0,7,53.0
2026-W21,Netfarma,varejo,0.0,2160,0.0,7,53.0
2026-W21,NeuralMed,tecnologia,0.0,2160,0.0,7,53.0
2026-W21,NotreDame Intermédica,saude,0.0,2160,0.0,7,53.0
2026-W21,Oncoclínicas,saude,0.0,2160,0.0,7,53.0
2026-W21,Petz,varejo,0.0,2160,0.0,7,53.0
2026-W21,Porto Saúde,saude,0.0,2160,0.0,7,53.0
2026-W21,Prevent Senior,saude,0.0,2160,0.0,7,53.0
2026-W21,RD Station,tecnologia,0.0,2160,0.0,7,53.0
2026-W21,Rede D'Or,saude,0.0,2160,0.0,7,53.0
2026-W21,Revolut,fintech,0.0,2160,0.0,7,53.0
2026-W21,Riachuelo,varejo,0.0,2160,0.0,7,53.0
2026-W21,Robinhood,fintech,0.0,2160,0.0,7,53.0
2026-W21,SambaTech,tecnologia,0.0,2160,0.0,7,53.0
2026-W21,Semantix,tecnologia,0.0,2160,0.0,7,53.0
2026-W21,Shopee Brasil,varejo,0.0,2160,0.0,7,53.0
2026-W21,Sinqia,tecnologia,0.0,2160,0.0,7,53.0
2026-W21,SoFi,fintech,0.0,2160,0.0,7,53.0
2026-W21,Stone Co,fintech,0.0,2160,0.0,7,53.0
2026-W21,SulAmérica Saúde,saude,0.0,2160,0.0,7,53.0
2026-W21,Swap,fintech,0.0,2160,0.0,7,53.0
2026-W21,Target,varejo,0.0,2160,0.0,7,53.0
2026-W21,Unimed,saude,0.0,2160,0.0,7,53.0
2026-W21,UnitedHealth,saude,0.0,2160,0.0,7,53.0
2026-W21,Will Bank,fintech,0.0,2160,0.0,7,53.0
2026-W21,Wise,fintech,0.0,2160,0.0,7,53.0
2026-W21,Zalando,varejo,0.0,2160,0.0,7,53.0
2026-W22,Nubank,fintech,421.0,1728,24.363425925925927,6,1.0
2026-W22,Mercado Livre,varejo,211.0,1728,12.210648148148149,6,2.0
2026-W22,Magazine Luiza,varejo,195.0,1728,11.284722222222221,6,3.0
2026-W22,Totvs,tecnologia,78.0,1727,4.51650260567458,6,4.0
2026-W22,Hypera Pharma,saude,75.0,1728,4.340277777777778,6,5.0
2026-W22,EMS Pharma,saude,66.0,1728,3.8194444444444446,6,6.0
2026-W22,Americanas,varejo,64.0,1728,3.7037037037037037,6,7.0
2026-W22,C6 Bank,fintech,43.0,1728,2.488425925925926,6,8.0
2026-W22,Involves,tecnologia,37.0,1727,2.142443543717429,6,9.0
2026-W22,PicPay,fintech,37.0,1728,2.1412037037037037,6,10.0
2026-W22,Bradesco,fintech,36.0,1728,2.0833333333333335,6,11.0
2026-W22,Amazon Brasil,varejo,34.0,1728,1.9675925925925926,6,12.0
2026-W22,Amazon,varejo,33.0,1728,1.9097222222222223,6,13.0
2026-W22,Microsoft,tecnologia,30.0,1727,1.7371163867979154,6,14.0
2026-W22,Banco Inter,fintech,29.0,1728,1.6782407407407407,6,15.0
2026-W22,Eurofarma,saude,28.0,1728,1.6203703703703705,6,16.0
2026-W22,Walmart,varejo,28.0,1728,1.6203703703703705,6,16.0
2026-W22,Movile,tecnologia,27.0,1727,1.563404748118124,6,18.0
2026-W22,Google,tecnologia,26.0,1727,1.5055008685581934,6,19.0
2026-W22,Accenture,tecnologia,24.0,1727,1.3896931094383325,6,20.0
2026-W22,Casas Bahia,varejo,17.0,1728,0.9837962962962963,6,21.0
2026-W22,Sírio-Libanês,saude,16.0,1728,0.9259259259259259,6,22.0
2026-W22,Mercado Pago,fintech,15.0,1728,0.8680555555555556,6,23.0
2026-W22,iFood,tecnologia,14.0,1727,0.8106543138390272,6,24.0
2026-W22,Raia Drogasil,saude,13.0,1728,0.7523148148148148,6,25.0
2026-W22,Oracle,tecnologia,12.0,1727,0.6948465547191662,6,26.0
2026-W22,PagBank,fintech,11.0,1728,0.6365740740740741,6,27.0
2026-W22,Pfizer,saude,11.0,1728,0.6365740740740741,6,27.0
2026-W22,Stefanini,tecnologia,10.0,1727,0.5790387955993052,6,29.0
2026-W22,Fleury,saude,10.0,1728,0.5787037037037037,6,30.0
2026-W22,Itaú,fintech,10.0,1728,0.5787037037037037,6,30.0
2026-W22,Novartis,saude,10.0,1728,0.5787037037037037,6,30.0
2026-W22,Renner,varejo,8.0,1728,0.46296296296296297,6,33.0
2026-W22,Locaweb,tecnologia,7.0,1727,0.4053271569195136,6,34.0
2026-W22,Aché Laboratórios,saude,7.0,1728,0.4050925925925926,6,35.0
2026-W22,AliExpress,varejo,6.0,1728,0.3472222222222222,6,36.0
2026-W22,Will Bank,fintech,5.0,1728,0.28935185185185186,6,37.0
2026-W22,TCS,tecnologia,4.0,1727,0.23161551823972207,6,38.0
2026-W22,Dasa,saude,4.0,1728,0.23148148148148148,6,39.0
2026-W22,Hapvida,saude,4.0,1728,0.23148148148148148,6,39.0
2026-W22,CI&T,tecnologia,3.0,1727,0.17371163867979156,6,41.0
2026-W22,IBM Brasil,tecnologia,2.0,1727,0.11580775911986103,6,42.0
2026-W22,SAP,tecnologia,2.0,1727,0.11580775911986103,6,42.0
2026-W22,Vtex,tecnologia,2.0,1727,0.11580775911986103,6,42.0
2026-W22,Agibank,fintech,2.0,1728,0.11574074074074074,6,45.0
2026-W22,Roche,saude,2.0,1728,0.11574074074074074,6,45.0
2026-W22,Shein,varejo,2.0,1728,0.11574074074074074,6,45.0
2026-W22,Wise,fintech,2.0,1728,0.11574074074074074,6,45.0
2026-W22,Tivit,tecnologia,1.0,1727,0.05790387955993052,6,49.0
2026-W22,BTG Pactual,fintech,1.0,1728,0.05787037037037037,6,50.0
2026-W22,CloudWalk,fintech,1.0,1728,0.05787037037037037,6,50.0
2026-W22,Accenture Brasil,tecnologia,0.0,1727,0.0,6,52.0
2026-W22,Alliar,saude,0.0,1728,0.0,6,52.0
2026-W22,Amil,saude,0.0,1728,0.0,6,52.0
2026-W22,Banco Neon,fintech,0.0,1728,0.0,6,52.0
2026-W22,Banco Safra,fintech,0.0,1728,0.0,6,52.0
2026-W22,C&A Brasil,varejo,0.0,1728,0.0,6,52.0
2026-W22,Centauro,varejo,0.0,1728,0.0,6,52.0
2026-W22,Chime,fintech,0.0,1728,0.0,6,52.0
2026-W22,Cielo,fintech,0.0,1728,0.0,6,52.0
2026-W22,Conta Azul,tecnologia,0.0,1727,0.0,6,52.0
2026-W22,Dafiti,varejo,0.0,1728,0.0,6,52.0
2026-W22,Dock,fintech,0.0,1728,0.0,6,52.0
2026-W22,Globant Brasil,tecnologia,0.0,1727,0.0,6,52.0
2026-W22,Grupo Boticário,varejo,0.0,1728,0.0,6,52.0
2026-W22,Grupo Pão de Açúcar,varejo,0.0,1728,0.0,6,52.0
2026-W22,HCA Healthcare,saude,0.0,1728,0.0,6,52.0
2026-W22,Hermes Pardini,saude,0.0,1728,0.0,6,52.0
2026-W22,Hospital Einstein,saude,0.0,1728,0.0,6,52.0
2026-W22,IKEA,varejo,0.0,1728,0.0,6,52.0
2026-W22,Infosys,tecnologia,0.0,1727,0.0,6,52.0
2026-W22,Kaiser Permanente,saude,0.0,1728,0.0,6,52.0
2026-W22,Klarna,fintech,0.0,1728,0.0,6,52.0
2026-W22,Leroy Merlin Brasil,varejo,0.0,1728,0.0,6,52.0
2026-W22,Linx S.A.,tecnologia,0.0,1727,0.0,6,52.0
2026-W22,M Dias Branco,varejo,0.0,1728,0.0,6,52.0
2026-W22,Madeira Madeira,varejo,0.0,1728,0.0,6,52.0
2026-W22,Mandic,tecnologia,0.0,1727,0.0,6,52.0
2026-W22,Mayo Clinic,saude,0.0,1728,0.0,6,52.0
2026-W22,Mobly,varejo,0.0,1728,0.0,6,52.0
2026-W22,Monzo,fintech,0.0,1728,0.0,6,52.0
2026-W22,N26,fintech,0.0,1728,0.0,6,52.0
2026-W22,NHS,saude,0.0,1728,0.0,6,52.0
2026-W22,Netfarma,varejo,0.0,1728,0.0,6,52.0
2026-W22,Netshoes,varejo,0.0,1728,0.0,6,52.0
2026-W22,NeuralMed,tecnologia,0.0,1727,0.0,6,52.0
2026-W22,NotreDame Intermédica,saude,0.0,1728,0.0,6,52.0
2026-W22,Oncoclínicas,saude,0.0,1728,0.0,6,52.0
2026-W22,Petz,varejo,0.0,1728,0.0,6,52.0
2026-W22,Porto Saúde,saude,0.0,1728,0.0,6,52.0
2026-W22,Prevent Senior,saude,0.0,1728,0.0,6,52.0
2026-W22,RD Station,tecnologia,0.0,1727,0.0,6,52.0
2026-W22,Rede D'Or,saude,0.0,1728,0.0,6,52.0
2026-W22,Revolut,fintech,0.0,1728,0.0,6,52.0
2026-W22,Riachuelo,varejo,0.0,1728,0.0,6,52.0
2026-W22,Robinhood,fintech,0.0,1728,0.0,6,52.0
2026-W22,Salesforce,tecnologia,0.0,1727,0.0,6,52.0
2026-W22,SambaTech,tecnologia,0.0,1727,0.0,6,52.0
2026-W22,Semantix,tecnologia,0.0,1727,0.0,6,52.0
2026-W22,Shopee Brasil,varejo,0.0,1728,0.0,6,52.0
2026-W22,Sinqia,tecnologia,0.0,1727,0.0,6,52.0
2026-W22,SoFi,fintech,0.0,1728,0.0,6,52.0
2026-W22,Stone Co,fintech,0.0,1728,0.0,6,52.0
2026-W22,SulAmérica Saúde,saude,0.0,1728,0.0,6,52.0
2026-W22,Swap,fintech,0.0,1728,0.0,6,52.0
2026-W22,Target,varejo,0.0,1728,0.0,6,52.0
2026-W22,Unimed,saude,0.0,1728,0.0,6,52.0
2026-W22,UnitedHealth,saude,0.0,1728,0.0,6,52.0
2026-W22,XP Investimentos,fintech,0.0,1728,0.0,6,52.0
2026-W22,Zalando,varejo,0.0,1728,0.0,6,52.0
2026-W22,eBay,varejo,0.0,1728,0.0,6,52.0
2026-W23,Nubank,fintech,700.0,2712,25.811209439528024,7,1.0
2026-W23,Mercado Livre,varejo,354.0,2712,13.053097345132743,7,2.0
2026-W23,Magazine Luiza,varejo,311.0,2712,11.46755162241888,7,3.0
2026-W23,Hypera Pharma,saude,118.0,2712,4.351032448377581,7,4.0
2026-W23,Totvs,tecnologia,114.0,2708,4.209748892171344,7,5.0
2026-W23,EMS Pharma,saude,109.0,2712,4.019174041297935,7,6.0
2026-W23,Americanas,varejo,102.0,2712,3.7610619469026547,7,7.0
2026-W23,C6 Bank,fintech,63.0,2712,2.3230088495575223,7,8.0
2026-W23,Involves,tecnologia,57.0,2708,2.104874446085672,7,9.0
2026-W23,Bradesco,fintech,57.0,2712,2.101769911504425,7,10.0
2026-W23,PicPay,fintech,55.0,2712,2.028023598820059,7,11.0
2026-W23,Amazon Brasil,varejo,51.0,2712,1.8805309734513274,7,12.0
2026-W23,Amazon,varejo,50.0,2712,1.8436578171091444,7,13.0
2026-W23,Microsoft,tecnologia,48.0,2708,1.7725258493353029,7,14.0
2026-W23,Google,tecnologia,45.0,2708,1.6617429837518465,7,15.0
2026-W23,Walmart,varejo,45.0,2712,1.6592920353982301,7,16.0
2026-W23,Banco Inter,fintech,44.0,2712,1.6224188790560472,7,17.0
2026-W23,Accenture,tecnologia,42.0,2708,1.5509601181683899,7,18.0
2026-W23,Eurofarma,saude,35.0,2712,1.2905604719764012,7,19.0
2026-W23,Movile,tecnologia,31.0,2708,1.1447562776957163,7,20.0
2026-W23,Sírio-Libanês,saude,26.0,2712,0.9587020648967551,7,21.0
2026-W23,Mercado Pago,fintech,25.0,2712,0.9218289085545722,7,22.0
2026-W23,Casas Bahia,varejo,23.0,2712,0.8480825958702065,7,23.0
2026-W23,Oracle,tecnologia,21.0,2708,0.7754800590841949,7,24.0
2026-W23,Dasa,saude,20.0,2712,0.7374631268436578,7,25.0
2026-W23,Raia Drogasil,saude,20.0,2712,0.7374631268436578,7,25.0
2026-W23,iFood,tecnologia,18.0,2708,0.6646971935007385,7,27.0
2026-W23,Pfizer,saude,18.0,2712,0.6637168141592921,7,28.0
2026-W23,Itaú,fintech,17.0,2712,0.6268436578171092,7,29.0
2026-W23,Novartis,saude,16.0,2712,0.5899705014749262,7,30.0
2026-W23,Fleury,saude,15.0,2712,0.5530973451327433,7,31.0
2026-W23,Stefanini,tecnologia,13.0,2708,0.48005908419497784,7,32.0
2026-W23,Aché Laboratórios,saude,13.0,2712,0.47935103244837757,7,33.0
2026-W23,PagBank,fintech,13.0,2712,0.47935103244837757,7,33.0
2026-W23,Renner,varejo,12.0,2712,0.4424778761061947,7,35.0
2026-W23,Locaweb,tecnologia,9.0,2708,0.33234859675036926,7,36.0
2026-W23,IBM Brasil,tecnologia,5.0,2708,0.18463810930576072,7,37.0
2026-W23,SAP,tecnologia,5.0,2708,0.18463810930576072,7,37.0
2026-W23,eBay,varejo,4.0,2712,0.14749262536873156,7,39.0
2026-W23,CI&T,tecnologia,3.0,2708,0.11078286558345643,7,40.0
2026-W23,Tivit,tecnologia,3.0,2708,0.11078286558345643,7,40.0
2026-W23,Vtex,tecnologia,3.0,2708,0.11078286558345643,7,40.0
2026-W23,Agibank,fintech,3.0,2712,0.11061946902654868,7,43.0
2026-W23,AliExpress,varejo,3.0,2712,0.11061946902654868,7,43.0
2026-W23,Hapvida,saude,3.0,2712,0.11061946902654868,7,43.0
2026-W23,Shein,varejo,3.0,2712,0.11061946902654868,7,43.0
2026-W23,BTG Pactual,fintech,2.0,2712,0.07374631268436578,7,47.0
2026-W23,Will Bank,fintech,2.0,2712,0.07374631268436578,7,47.0
2026-W23,TCS,tecnologia,1.0,2708,0.03692762186115214,7,49.0
2026-W23,CloudWalk,fintech,1.0,2712,0.03687315634218289,7,50.0
2026-W23,Roche,saude,1.0,2712,0.03687315634218289,7,50.0
2026-W23,XP Investimentos,fintech,1.0,2712,0.03687315634218289,7,50.0
2026-W23,Accenture Brasil,tecnologia,0.0,2708,0.0,7,53.0
2026-W23,Alliar,saude,0.0,2712,0.0,7,53.0
2026-W23,Amil,saude,0.0,2712,0.0,7,53.0
2026-W23,Banco Neon,fintech,0.0,2712,0.0,7,53.0
2026-W23,Banco Safra,fintech,0.0,2712,0.0,7,53.0
2026-W23,C&A Brasil,varejo,0.0,2712,0.0,7,53.0
2026-W23,Centauro,varejo,0.0,2712,0.0,7,53.0
2026-W23,Chime,fintech,0.0,2712,0.0,7,53.0
2026-W23,Cielo,fintech,0.0,2712,0.0,7,53.0
2026-W23,Conta Azul,tecnologia,0.0,2708,0.0,7,53.0
2026-W23,Dafiti,varejo,0.0,2712,0.0,7,53.0
2026-W23,Dock,fintech,0.0,2712,0.0,7,53.0
2026-W23,Globant Brasil,tecnologia,0.0,2708,0.0,7,53.0
2026-W23,Grupo Boticário,varejo,0.0,2712,0.0,7,53.0
2026-W23,Grupo Pão de Açúcar,varejo,0.0,2712,0.0,7,53.0
2026-W23,HCA Healthcare,saude,0.0,2712,0.0,7,53.0
2026-W23,Hermes Pardini,saude,0.0,2712,0.0,7,53.0
2026-W23,Hospital Einstein,saude,0.0,2712,0.0,7,53.0
2026-W23,IKEA,varejo,0.0,2712,0.0,7,53.0
2026-W23,Infosys,tecnologia,0.0,2708,0.0,7,53.0
2026-W23,Kaiser Permanente,saude,0.0,2712,0.0,7,53.0
2026-W23,Klarna,fintech,0.0,2712,0.0,7,53.0
2026-W23,Leroy Merlin Brasil,varejo,0.0,2712,0.0,7,53.0
2026-W23,Linx S.A.,tecnologia,0.0,2708,0.0,7,53.0
2026-W23,M Dias Branco,varejo,0.0,2712,0.0,7,53.0
2026-W23,Madeira Madeira,varejo,0.0,2712,0.0,7,53.0
2026-W23,Mandic,tecnologia,0.0,2708,0.0,7,53.0
2026-W23,Mayo Clinic,saude,0.0,2712,0.0,7,53.0
2026-W23,Mobly,varejo,0.0,2712,0.0,7,53.0
2026-W23,Monzo,fintech,0.0,2712,0.0,7,53.0
2026-W23,N26,fintech,0.0,2712,0.0,7,53.0
2026-W23,NHS,saude,0.0,2712,0.0,7,53.0
2026-W23,Netfarma,varejo,0.0,2712,0.0,7,53.0
2026-W23,Netshoes,varejo,0.0,2712,0.0,7,53.0
2026-W23,NeuralMed,tecnologia,0.0,2708,0.0,7,53.0
2026-W23,NotreDame Intermédica,saude,0.0,2712,0.0,7,53.0
2026-W23,Oncoclínicas,saude,0.0,2712,0.0,7,53.0
2026-W23,Petz,varejo,0.0,2712,0.0,7,53.0
2026-W23,Porto Saúde,saude,0.0,2712,0.0,7,53.0
2026-W23,Prevent Senior,saude,0.0,2712,0.0,7,53.0
2026-W23,RD Station,tecnologia,0.0,2708,0.0,7,53.0
2026-W23,Rede D'Or,saude,0.0,2712,0.0,7,53.0
2026-W23,Revolut,fintech,0.0,2712,0.0,7,53.0
2026-W23,Riachuelo,varejo,0.0,2712,0.0,7,53.0
2026-W23,Robinhood,fintech,0.0,2712,0.0,7,53.0
2026-W23,Salesforce,tecnologia,0.0,2708,0.0,7,53.0
2026-W23,SambaTech,tecnologia,0.0,2708,0.0,7,53.0
2026-W23,Semantix,tecnologia,0.0,2708,0.0,7,53.0
2026-W23,Shopee Brasil,varejo,0.0,2712,0.0,7,53.0
2026-W23,Sinqia,tecnologia,0.0,2708,0.0,7,53.0
2026-W23,SoFi,fintech,0.0,2712,0.0,7,53.0
2026-W23,Stone Co,fintech,0.0,2712,0.0,7,53.0
2026-W23,SulAmérica Saúde,saude,0.0,2712,0.0,7,53.0
2026-W23,Swap,fintech,0.0,2712,0.0,7,53.0
2026-W23,Target,varejo,0.0,2712,0.0,7,53.0
2026-W23,Unimed,saude,0.0,2712,0.0,7,53.0
2026-W23,UnitedHealth,saude,0.0,2712,0.0,7,53.0
2026-W23,Wise,fintech,0.0,2712,0.0,7,53.0
2026-W23,Zalando,varejo,0.0,2712,0.0,7,53.0
2026-W24,Nubank,fintech,170.0,648,26.234567901234566,2,1.0
2026-W24,Mercado Livre,varejo,83.0,648,12.808641975308642,2,2.0
2026-W24,Magazine Luiza,varejo,72.0,648,11.11111111111111,2,3.0
2026-W24,Totvs,tecnologia,28.0,648,4.320987654320987,2,4.0
2026-W24,Hypera Pharma,saude,27.0,648,4.166666666666667,2,5.0
2026-W24,EMS Pharma,saude,24.0,648,3.7037037037037037,2,6.0
2026-W24,Americanas,varejo,23.0,648,3.549382716049383,2,7.0
2026-W24,Amazon,varejo,15.0,648,2.314814814814815,2,8.0
2026-W24,Amazon Brasil,varejo,15.0,648,2.314814814814815,2,8.0
2026-W24,Bradesco,fintech,15.0,648,2.314814814814815,2,8.0
2026-W24,PicPay,fintech,15.0,648,2.314814814814815,2,8.0
2026-W24,Involves,tecnologia,14.0,648,2.1604938271604937,2,12.0
2026-W24,C6 Bank,fintech,13.0,648,2.006172839506173,2,13.0
2026-W24,Banco Inter,fintech,10.0,648,1.5432098765432098,2,14.0
2026-W24,Movile,tecnologia,10.0,648,1.5432098765432098,2,14.0
2026-W24,Walmart,varejo,10.0,648,1.5432098765432098,2,14.0
2026-W24,Microsoft,tecnologia,9.0,648,1.3888888888888888,2,17.0
2026-W24,Accenture,tecnologia,8.0,648,1.2345679012345678,2,18.0
2026-W24,Google,tecnologia,8.0,648,1.2345679012345678,2,18.0
2026-W24,Sírio-Libanês,saude,7.0,648,1.0802469135802468,2,20.0
2026-W24,Casas Bahia,varejo,6.0,648,0.9259259259259259,2,21.0
2026-W24,Eurofarma,saude,6.0,648,0.9259259259259259,2,21.0
2026-W24,Mercado Pago,fintech,5.0,648,0.7716049382716049,2,23.0
2026-W24,Pfizer,saude,5.0,648,0.7716049382716049,2,23.0
2026-W24,Raia Drogasil,saude,5.0,648,0.7716049382716049,2,23.0
2026-W24,iFood,tecnologia,5.0,648,0.7716049382716049,2,23.0
2026-W24,Novartis,saude,4.0,648,0.6172839506172839,2,27.0
2026-W24,Aché Laboratórios,saude,3.0,648,0.46296296296296297,2,28.0
2026-W24,Dasa,saude,3.0,648,0.46296296296296297,2,28.0
2026-W24,Fleury,saude,3.0,648,0.46296296296296297,2,28.0
2026-W24,Itaú,fintech,3.0,648,0.46296296296296297,2,28.0
2026-W24,PagBank,fintech,3.0,648,0.46296296296296297,2,28.0
2026-W24,Locaweb,tecnologia,2.0,648,0.30864197530864196,2,33.0
2026-W24,Oracle,tecnologia,2.0,648,0.30864197530864196,2,33.0
2026-W24,Stefanini,tecnologia,2.0,648,0.30864197530864196,2,33.0
2026-W24,Agibank,fintech,1.0,648,0.15432098765432098,2,36.0
2026-W24,CI&T,tecnologia,1.0,648,0.15432098765432098,2,36.0
2026-W24,CloudWalk,fintech,1.0,648,0.15432098765432098,2,36.0
2026-W24,Renner,varejo,1.0,648,0.15432098765432098,2,36.0
2026-W24,Accenture Brasil,tecnologia,0.0,648,0.0,2,40.0
2026-W24,AliExpress,varejo,0.0,648,0.0,2,40.0
2026-W24,Alliar,saude,0.0,648,0.0,2,40.0
2026-W24,Amil,saude,0.0,648,0.0,2,40.0
2026-W24,BTG Pactual,fintech,0.0,648,0.0,2,40.0
2026-W24,Banco Neon,fintech,0.0,648,0.0,2,40.0
2026-W24,Banco Safra,fintech,0.0,648,0.0,2,40.0
2026-W24,C&A Brasil,varejo,0.0,648,0.0,2,40.0
2026-W24,Centauro,varejo,0.0,648,0.0,2,40.0
2026-W24,Chime,fintech,0.0,648,0.0,2,40.0
2026-W24,Cielo,fintech,0.0,648,0.0,2,40.0
2026-W24,Conta Azul,tecnologia,0.0,648,0.0,2,40.0
2026-W24,Dafiti,varejo,0.0,648,0.0,2,40.0
2026-W24,Dock,fintech,0.0,648,0.0,2,40.0
2026-W24,Globant Brasil,tecnologia,0.0,648,0.0,2,40.0
2026-W24,Grupo Boticário,varejo,0.0,648,0.0,2,40.0
2026-W24,Grupo Pão de Açúcar,varejo,0.0,648,0.0,2,40.0
2026-W24,HCA Healthcare,saude,0.0,648,0.0,2,40.0
2026-W24,Hapvida,saude,0.0,648,0.0,2,40.0
2026-W24,Hermes Pardini,saude,0.0,648,0.0,2,40.0
2026-W24,Hospital Einstein,saude,0.0,648,0.0,2,40.0
2026-W24,IBM Brasil,tecnologia,0.0,648,0.0,2,40.0
2026-W24,IKEA,varejo,0.0,648,0.0,2,40.0
2026-W24,Infosys,tecnologia,0.0,648,0.0,2,40.0
2026-W24,Kaiser Permanente,saude,0.0,648,0.0,2,40.0
2026-W24,Klarna,fintech,0.0,648,0.0,2,40.0
2026-W24,Leroy Merlin Brasil,varejo,0.0,648,0.0,2,40.0
2026-W24,Linx S.A.,tecnologia,0.0,648,0.0,2,40.0
2026-W24,M Dias Branco,varejo,0.0,648,0.0,2,40.0
2026-W24,Madeira Madeira,varejo,0.0,648,0.0,2,40.0
2026-W24,Mandic,tecnologia,0.0,648,0.0,2,40.0
2026-W24,Mayo Clinic,saude,0.0,648,0.0,2,40.0
2026-W24,Mobly,varejo,0.0,648,0.0,2,40.0
2026-W24,Monzo,fintech,0.0,648,0.0,2,40.0
2026-W24,N26,fintech,0.0,648,0.0,2,40.0
2026-W24,NHS,saude,0.0,648,0.0,2,40.0
2026-W24,Netfarma,varejo,0.0,648,0.0,2,40.0
2026-W24,Netshoes,varejo,0.0,648,0.0,2,40.0
2026-W24,NeuralMed,tecnologia,0.0,648,0.0,2,40.0
2026-W24,NotreDame Intermédica,saude,0.0,648,0.0,2,40.0
2026-W24,Oncoclínicas,saude,0.0,648,0.0,2,40.0
2026-W24,Petz,varejo,0.0,648,0.0,2,40.0
2026-W24,Porto Saúde,saude,0.0,648,0.0,2,40.0
2026-W24,Prevent Senior,saude,0.0,648,0.0,2,40.0
2026-W24,RD Station,tecnologia,0.0,648,0.0,2,40.0
2026-W24,Rede D'Or,saude,0.0,648,0.0,2,40.0
2026-W24,Revolut,fintech,0.0,648,0.0,2,40.0
2026-W24,Riachuelo,varejo,0.0,648,0.0,2,40.0
2026-W24,Robinhood,fintech,0.0,648,0.0,2,40.0
2026-W24,Roche,saude,0.0,648,0.0,2,40.0
2026-W24,SAP,tecnologia,0.0,648,0.0,2,40.0
2026-W24,Salesforce,tecnologia,0.0,648,0.0,2,40.0
2026-W24,SambaTech,tecnologia,0.0,648,0.0,2,40.0
2026-W24,Semantix,tecnologia,0.0,648,0.0,2,40.0
2026-W24,Shein,varejo,0.0,648,0.0,2,40.0
2026-W24,Shopee Brasil,varejo,0.0,648,0.0,2,40.0
2026-W24,Sinqia,tecnologia,0.0,648,0.0,2,40.0
2026-W24,SoFi,fintech,0.0,648,0.0,2,40.0
2026-W24,Stone Co,fintech,0.0,648,0.0,2,40.0
2026-W24,SulAmérica Saúde,saude,0.0,648,0.0,2,40.0
2026-W24,Swap,fintech,0.0,648,0.0,2,40.0
2026-W24,TCS,tecnologia,0.0,648,0.0,2,40.0
2026-W24,Target,varejo,0.0,648,0.0,2,40.0
2026-W24,Tivit,tecnologia,0.0,648,0.0,2,40.0
2026-W24,Unimed,saude,0.0,648,0.0,2,40.0
2026-W24,UnitedHealth,saude,0.0,648,0.0,2,40.0
2026-W24,Vtex,tecnologia,0.0,648,0.0,2,40.0
2026-W24,Will Bank,fintech,0.0,648,0.0,2,40.0
2026-W24,Wise,fintech,0.0,648,0.0,2,40.0
2026-W24,XP Investimentos,fintech,0.0,648,0.0,2,40.0
2026-W24,Zalando,varejo,0.0,648,0.0,2,40.0
2026-W24,eBay,varejo,0.0,648,0.0,2,40.0
2026-W32,Nubank,fintech,56.0,216,25.925925925925927,1,1.0
2026-W32,Mercado Livre,varejo,31.0,216,14.351851851851851,1,2.0
2026-W32,Magazine Luiza,varejo,29.0,216,13.425925925925926,1,3.0
2026-W32,Totvs,tecnologia,12.0,216,5.555555555555555,1,4.0
2026-W32,EMS Pharma,saude,10.0,216,4.62962962962963,1,5.0
2026-W32,Americanas,varejo,8.0,216,3.7037037037037037,1,6.0
2026-W32,C6 Bank,fintech,7.0,216,3.240740740740741,1,7.0
2026-W32,Hypera Pharma,saude,6.0,216,2.7777777777777777,1,8.0
2026-W32,Banco Inter,fintech,5.0,216,2.314814814814815,1,9.0
2026-W32,PicPay,fintech,5.0,216,2.314814814814815,1,9.0
2026-W32,Involves,tecnologia,4.0,216,1.8518518518518519,1,11.0
2026-W32,Mercado Pago,fintech,4.0,216,1.8518518518518519,1,11.0
2026-W32,PagBank,fintech,4.0,216,1.8518518518518519,1,11.0
2026-W32,Amazon,varejo,3.0,216,1.3888888888888888,1,14.0
2026-W32,Amazon Brasil,varejo,3.0,216,1.3888888888888888,1,14.0
2026-W32,Bradesco,fintech,3.0,216,1.3888888888888888,1,14.0
2026-W32,Movile,tecnologia,3.0,216,1.3888888888888888,1,14.0
2026-W32,Sírio-Libanês,saude,3.0,216,1.3888888888888888,1,14.0
2026-W32,Walmart,varejo,3.0,216,1.3888888888888888,1,14.0
2026-W32,iFood,tecnologia,3.0,216,1.3888888888888888,1,14.0
2026-W32,Accenture,tecnologia,2.0,216,0.9259259259259259,1,21.0
2026-W32,Aché Laboratórios,saude,2.0,216,0.9259259259259259,1,21.0
2026-W32,CI&T,tecnologia,2.0,216,0.9259259259259259,1,21.0
2026-W32,Hapvida,saude,2.0,216,0.9259259259259259,1,21.0
2026-W32,Renner,varejo,2.0,216,0.9259259259259259,1,21.0
2026-W32,SAP,tecnologia,2.0,216,0.9259259259259259,1,21.0
2026-W32,Agibank,fintech,1.0,216,0.46296296296296297,1,27.0
2026-W32,Casas Bahia,varejo,1.0,216,0.46296296296296297,1,27.0
2026-W32,Eurofarma,saude,1.0,216,0.46296296296296297,1,27.0
2026-W32,Fleury,saude,1.0,216,0.46296296296296297,1,27.0
2026-W32,Google,tecnologia,1.0,216,0.46296296296296297,1,27.0
2026-W32,Itaú,fintech,1.0,216,0.46296296296296297,1,27.0
2026-W32,Locaweb,tecnologia,1.0,216,0.46296296296296297,1,27.0
2026-W32,Microsoft,tecnologia,1.0,216,0.46296296296296297,1,27.0
2026-W32,NotreDame Intermédica,saude,1.0,216,0.46296296296296297,1,27.0
2026-W32,Novartis,saude,1.0,216,0.46296296296296297,1,27.0
2026-W32,Pfizer,saude,1.0,216,0.46296296296296297,1,27.0
2026-W32,Raia Drogasil,saude,1.0,216,0.46296296296296297,1,27.0
2026-W32,Stefanini,tecnologia,1.0,216,0.46296296296296297,1,27.0
2026-W32,SulAmérica Saúde,saude,1.0,216,0.46296296296296297,1,27.0
2026-W32,Will Bank,fintech,1.0,216,0.46296296296296297,1,27.0
2026-W32,eBay,varejo,1.0,216,0.46296296296296297,1,27.0
2026-W32,Accenture Brasil,tecnologia,0.0,216,0.0,1,43.0
2026-W32,AliExpress,varejo,0.0,216,0.0,1,43.0
2026-W32,Alliar,saude,0.0,216,0.0,1,43.0
2026-W32,Amil,saude,0.0,216,0.0,1,43.0
2026-W32,BTG Pactual,fintech,0.0,216,0.0,1,43.0
2026-W32,Banco Neon,fintech,0.0,216,0.0,1,43.0
2026-W32,Banco Safra,fintech,0.0,216,0.0,1,43.0
2026-W32,C&A Brasil,varejo,0.0,216,0.0,1,43.0
2026-W32,Centauro,varejo,0.0,216,0.0,1,43.0
2026-W32,Chime,fintech,0.0,216,0.0,1,43.0
2026-W32,Cielo,fintech,0.0,216,0.0,1,43.0
2026-W32,CloudWalk,fintech,0.0,216,0.0,1,43.0
2026-W32,Conta Azul,tecnologia,0.0,216,0.0,1,43.0
2026-W32,Dafiti,varejo,0.0,216,0.0,1,43.0
2026-W32,Dasa,saude,0.0,216,0.0,1,43.0
2026-W32,Dock,fintech,0.0,216,0.0,1,43.0
2026-W32,Globant Brasil,tecnologia,0.0,216,0.0,1,43.0
2026-W32,Grupo Boticário,varejo,0.0,216,0.0,1,43.0
2026-W32,Grupo Pão de Açúcar,varejo,0.0,216,0.0,1,43.0
2026-W32,HCA Healthcare,saude,0.0,216,0.0,1,43.0
2026-W32,Hermes Pardini,saude,0.0,216,0.0,1,43.0
2026-W32,Hospital Einstein,saude,0.0,216,0.0,1,43.0
2026-W32,IBM Brasil,tecnologia,0.0,216,0.0,1,43.0
2026-W32,IKEA,varejo,0.0,216,0.0,1,43.0
2026-W32,Infosys,tecnologia,0.0,216,0.0,1,43.0
2026-W32,Kaiser Permanente,saude,0.0,216,0.0,1,43.0
2026-W32,Klarna,fintech,0.0,216,0.0,1,43.0
2026-W32,Leroy Merlin Brasil,varejo,0.0,216,0.0,1,43.0
2026-W32,Linx S.A.,tecnologia,0.0,216,0.0,1,43.0
2026-W32,M Dias Branco,varejo,0.0,216,0.0,1,43.0
2026-W32,Madeira Madeira,varejo,0.0,216,0.0,1,43.0
2026-W32,Mandic,tecnologia,0.0,216,0.0,1,43.0
2026-W32,Mayo Clinic,saude,0.0,216,0.0,1,43.0
2026-W32,Mobly,varejo,0.0,216,0.0,1,43.0
2026-W32,Monzo,fintech,0.0,216,0.0,1,43.0
2026-W32,N26,fintech,0.0,216,0.0,1,43.0
2026-W32,NHS,saude,0.0,216,0.0,1,43.0
2026-W32,Netfarma,varejo,0.0,216,0.0,1,43.0
2026-W32,Netshoes,varejo,0.0,216,0.0,1,43.0
2026-W32,NeuralMed,tecnologia,0.0,216,0.0,1,43.0
2026-W32,Oncoclínicas,saude,0.0,216,0.0,1,43.0
2026-W32,Oracle,tecnologia,0.0,216,0.0,1,43.0
2026-W32,Petz,varejo,0.0,216,0.0,1,43.0
2026-W32,Porto Saúde,saude,0.0,216,0.0,1,43.0
2026-W32,Prevent Senior,saude,0.0,216,0.0,1,43.0
2026-W32,RD Station,tecnologia,0.0,216,0.0,1,43.0
2026-W32,Rede D'Or,saude,0.0,216,0.0,1,43.0
2026-W32,Revolut,fintech,0.0,216,0.0,1,43.0
2026-W32,Riachuelo,varejo,0.0,216,0.0,1,43.0
2026-W32,Robinhood,fintech,0.0,216,0.0,1,43.0
2026-W32,Roche,saude,0.0,216,0.0,1,43.0
2026-W32,Salesforce,tecnologia,0.0,216,0.0,1,43.0
2026-W32,SambaTech,tecnologia,0.0,216,0.0,1,43.0
2026-W32,Semantix,tecnologia,0.0,216,0.0,1,43.0
2026-W32,Shein,varejo,0.0,216,0.0,1,43.0
2026-W32,Shopee Brasil,varejo,0.0,216,0.0,1,43.0
2026-W32,Sinqia,tecnologia,0.0,216,0.0,1,43.0
2026-W32,SoFi,fintech,0.0,216,0.0,1,43.0
2026-W32,Stone Co,fintech,0.0,216,0.0,1,43.0
2026-W32,Swap,fintech,0.0,216,0.0,1,43.0
2026-W32,TCS,tecnologia,0.0,216,0.0,1,43.0
2026-W32,Target,varejo,0.0,216,0.0,1,43.0
2026-W32,Tivit,tecnologia,0.0,216,0.0,1,43.0
2026-W32,Unimed,saude,0.0,216,0.0,1,43.0
2026-W32,UnitedHealth,saude,0.0,216,0.0,1,43.0
2026-W32,Vtex,tecnologia,0.0,216,0.0,1,43.0
2026-W32,Wise,fintech,0.0,216,0.0,1,43.0
2026-W32,XP Investimentos,fintech,0.0,216,0.0,1,43.0
2026-W32,Zalando,varejo,0.0,216,0.0,1,43.0
2026-W33,Nubank,fintech,786.0,3024,25.99206349206349,7,1.0
2026-W33,Mercado Livre,varejo,397.0,3020,13.14569536423841,7,2.0
2026-W33,Magazine Luiza,varejo,385.0,3020,12.748344370860927,7,3.0
2026-W33,Totvs,tecnologia,186.0,3000,6.2,7,4.0
2026-W33,Americanas,varejo,132.0,3020,4.370860927152318,7,5.0
2026-W33,EMS Pharma,saude,120.0,3000,4.0,7,6.0
2026-W33,Hypera Pharma,saude,94.0,3000,3.1333333333333333,7,7.0
2026-W33,Banco Inter,fintech,74.0,3024,2.447089947089947,7,8.0
2026-W33,C6 Bank,fintech,74.0,3024,2.447089947089947,7,8.0
2026-W33,PicPay,fintech,62.0,3024,2.0502645502645502,7,10.0
2026-W33,Involves,tecnologia,57.0,3000,1.9,7,11.0
2026-W33,Bradesco,fintech,55.0,3024,1.8187830687830688,7,12.0
2026-W33,PagBank,fintech,55.0,3024,1.8187830687830688,7,12.0
2026-W33,Mercado Pago,fintech,53.0,3024,1.7526455026455026,7,14.0
2026-W33,Sírio-Libanês,saude,48.0,3000,1.6,7,15.0
2026-W33,Movile,tecnologia,47.0,3000,1.5666666666666667,7,16.0
2026-W33,Walmart,varejo,44.0,3020,1.4569536423841059,7,17.0
2026-W33,Microsoft,tecnologia,43.0,3000,1.4333333333333333,7,18.0
2026-W33,Casas Bahia,varejo,39.0,3020,1.2913907284768211,7,19.0
2026-W33,Google,tecnologia,37.0,3000,1.2333333333333334,7,20.0
2026-W33,iFood,tecnologia,36.0,3000,1.2,7,21.0
2026-W33,Accenture,tecnologia,29.0,3000,0.9666666666666667,7,22.0
2026-W33,Eurofarma,saude,29.0,3000,0.9666666666666667,7,22.0
2026-W33,Hapvida,saude,27.0,3000,0.9,7,24.0
2026-W33,Amazon,varejo,27.0,3020,0.8940397350993378,7,25.0
2026-W33,Amazon Brasil,varejo,27.0,3020,0.8940397350993378,7,25.0
2026-W33,Aché Laboratórios,saude,25.0,3000,0.8333333333333334,7,27.0
2026-W33,Novartis,saude,24.0,3000,0.8,7,28.0
2026-W33,Pfizer,saude,24.0,3000,0.8,7,28.0
2026-W33,SAP,tecnologia,24.0,3000,0.8,7,28.0
2026-W33,Locaweb,tecnologia,23.0,3000,0.7666666666666667,7,31.0
2026-W33,Renner,varejo,22.0,3020,0.7284768211920529,7,32.0
2026-W33,Stefanini,tecnologia,18.0,3000,0.6,7,33.0
2026-W33,CI&T,tecnologia,17.0,3000,0.5666666666666667,7,34.0
2026-W33,Raia Drogasil,saude,17.0,3000,0.5666666666666667,7,34.0
2026-W33,Fleury,saude,15.0,3000,0.5,7,36.0
2026-W33,Itaú,fintech,15.0,3024,0.49603174603174605,7,37.0
2026-W33,Oracle,tecnologia,12.0,3000,0.4,7,38.0
2026-W33,Agibank,fintech,11.0,3024,0.3637566137566138,7,39.0
2026-W33,BTG Pactual,fintech,11.0,3024,0.3637566137566138,7,39.0
2026-W33,SulAmérica Saúde,saude,10.0,3000,0.3333333333333333,7,41.0
2026-W33,Unimed,saude,10.0,3000,0.3333333333333333,7,41.0
2026-W33,IBM Brasil,tecnologia,8.0,3000,0.26666666666666666,7,43.0
2026-W33,NotreDame Intermédica,saude,7.0,3000,0.23333333333333334,7,44.0
2026-W33,eBay,varejo,7.0,3020,0.23178807947019867,7,45.0
2026-W33,XP Investimentos,fintech,7.0,3024,0.23148148148148148,7,46.0
2026-W33,Target,varejo,6.0,3020,0.1986754966887417,7,47.0
2026-W33,Dasa,saude,5.0,3000,0.16666666666666666,7,48.0
2026-W33,Roche,saude,4.0,3000,0.13333333333333333,7,49.0
2026-W33,Vtex,tecnologia,4.0,3000,0.13333333333333333,7,49.0
2026-W33,Shein,varejo,3.0,3020,0.09933774834437085,7,51.0
2026-W33,CloudWalk,fintech,2.0,3024,0.06613756613756613,7,52.0
2026-W33,Grupo Boticário,varejo,1.0,3020,0.033112582781456956,7,53.0
2026-W33,Petz,varejo,1.0,3020,0.033112582781456956,7,53.0
2026-W33,Riachuelo,varejo,1.0,3020,0.033112582781456956,7,53.0
2026-W33,Will Bank,fintech,1.0,3024,0.03306878306878307,7,56.0
2026-W33,Accenture Brasil,tecnologia,0.0,3000,0.0,7,57.0
2026-W33,AliExpress,varejo,0.0,3020,0.0,7,57.0
2026-W33,Alliar,saude,0.0,3000,0.0,7,57.0
2026-W33,Amil,saude,0.0,3000,0.0,7,57.0
2026-W33,Banco Neon,fintech,0.0,3024,0.0,7,57.0
2026-W33,Banco Safra,fintech,0.0,3024,0.0,7,57.0
2026-W33,C&A Brasil,varejo,0.0,3020,0.0,7,57.0
2026-W33,Centauro,varejo,0.0,3020,0.0,7,57.0
2026-W33,Chime,fintech,0.0,3024,0.0,7,57.0
2026-W33,Cielo,fintech,0.0,3024,0.0,7,57.0
2026-W33,Conta Azul,tecnologia,0.0,3000,0.0,7,57.0
2026-W33,Dafiti,varejo,0.0,3020,0.0,7,57.0
2026-W33,Dock,fintech,0.0,3024,0.0,7,57.0
2026-W33,Globant Brasil,tecnologia,0.0,3000,0.0,7,57.0
2026-W33,Grupo Pão de Açúcar,varejo,0.0,3020,0.0,7,57.0
2026-W33,HCA Healthcare,saude,0.0,3000,0.0,7,57.0
2026-W33,Hermes Pardini,saude,0.0,3000,0.0,7,57.0
2026-W33,Hospital Einstein,saude,0.0,3000,0.0,7,57.0
2026-W33,IKEA,varejo,0.0,3020,0.0,7,57.0
2026-W33,Infosys,tecnologia,0.0,3000,0.0,7,57.0
2026-W33,Kaiser Permanente,saude,0.0,3000,0.0,7,57.0
2026-W33,Klarna,fintech,0.0,3024,0.0,7,57.0
2026-W33,Leroy Merlin Brasil,varejo,0.0,3020,0.0,7,57.0
2026-W33,Linx S.A.,tecnologia,0.0,3000,0.0,7,57.0
2026-W33,M Dias Branco,varejo,0.0,3020,0.0,7,57.0
2026-W33,Madeira Madeira,varejo,0.0,3020,0.0,7,57.0
2026-W33,Mandic,tecnologia,0.0,3000,0.0,7,57.0
2026-W33,Mayo Clinic,saude,0.0,3000,0.0,7,57.0
2026-W33,Mobly,varejo,0.0,3020,0.0,7,57.0
2026-W33,Monzo,fintech,0.0,3024,0.0,7,57.0
2026-W33,N26,fintech,0.0,3024,0.0,7,57.0
2026-W33,NHS,saude,0.0,3000,0.0,7,57.0
2026-W33,Netfarma,varejo,0.0,3020,0.0,7,57.0
2026-W33,Netshoes,varejo,0.0,3020,0.0,7,57.0
2026-W33,NeuralMed,tecnologia,0.0,3000,0.0,7,57.0
2026-W33,Oncoclínicas,saude,0.0,3000,0.0,7,57.0
2026-W33,Porto Saúde,saude,0.0,3000,0.0,7,57.0
2026-W33,Prevent Senior,saude,0.0,3000,0.0,7,57.0
2026-W33,RD Station,tecnologia,0.0,3000,0.0,7,57.0
2026-W33,Rede D'Or,saude,0.0,3000,0.0,7,57.0
2026-W33,Revolut,fintech,0.0,3024,0.0,7,57.0
2026-W33,Robinhood,fintech,0.0,3024,0.0,7,57.0
2026-W33,Salesforce,tecnologia,0.0,3000,0.0,7,57.0
2026-W33,SambaTech,tecnologia,0.0,3000,0.0,7,57.0
2026-W33,Semantix,tecnologia,0.0,3000,0.0,7,57.0
2026-W33,Shopee Brasil,varejo,0.0,3020,0.0,7,57.0
2026-W33,Sinqia,tecnologia,0.0,3000,0.0,7,57.0
2026-W33,SoFi,fintech,0.0,3024,0.0,7,57.0
2026-W33,Stone Co,fintech,0.0,3024,0.0,7,57.0
2026-W33,Swap,fintech,0.0,3024,0.0,7,57.0
2026-W33,TCS,tecnologia,0.0,3000,0.0,7,57.0
2026-W33,Tivit,tecnologia,0.0,3000,0.0,7,57.0
2026-W33,UnitedHealth,saude,0.0,3000,0.0,7,57.0
2026-W33,Wise,fintech,0.0,3024,0.0,7,57.0
2026-W33,Zalando,varejo,0.0,3020,0.0,7,57.0
2026-W34,Nubank,fintech,186.0,552,33.69565217391305,1,1.0
2026-W34,Mercado Livre,varejo,94.0,552,17.028985507246375,1,2.0
2026-W34,Magazine Luiza,varejo,86.0,552,15.579710144927537,1,3.0
2026-W34,Totvs,tecnologia,45.0,518,8.687258687258687,1,4.0
2026-W34,EMS Pharma,saude,27.0,552,4.891304347826087,1,5.0
2026-W34,C6 Bank,fintech,25.0,552,4.528985507246377,1,6.0
2026-W34,Banco Inter,fintech,21.0,552,3.8043478260869565,1,7.0
2026-W34,Americanas,varejo,20.0,552,3.6231884057971016,1,8.0
2026-W34,PicPay,fintech,20.0,552,3.6231884057971016,1,8.0
2026-W34,PagBank,fintech,17.0,552,3.079710144927536,1,10.0
2026-W34,Hypera Pharma,saude,16.0,552,2.898550724637681,1,11.0
2026-W34,Mercado Pago,fintech,15.0,552,2.717391304347826,1,12.0
2026-W34,Microsoft,tecnologia,12.0,518,2.3166023166023164,1,13.0
2026-W34,Bradesco,fintech,12.0,552,2.1739130434782608,1,14.0
2026-W34,Sírio-Libanês,saude,11.0,552,1.9927536231884058,1,15.0
2026-W34,Google,tecnologia,10.0,518,1.9305019305019304,1,16.0
2026-W34,Walmart,varejo,9.0,552,1.6304347826086956,1,17.0
2026-W34,Movile,tecnologia,8.0,518,1.5444015444015444,1,18.0
2026-W34,Casas Bahia,varejo,7.0,552,1.2681159420289856,1,19.0
2026-W34,Eurofarma,saude,7.0,552,1.2681159420289856,1,19.0
2026-W34,Involves,tecnologia,6.0,518,1.1583011583011582,1,21.0
2026-W34,Amazon,varejo,6.0,552,1.0869565217391304,1,22.0
2026-W34,Amazon Brasil,varejo,6.0,552,1.0869565217391304,1,22.0
2026-W34,Renner,varejo,6.0,552,1.0869565217391304,1,22.0
2026-W34,Accenture,tecnologia,5.0,518,0.9652509652509652,1,25.0
2026-W34,Oracle,tecnologia,5.0,518,0.9652509652509652,1,25.0
2026-W34,iFood,tecnologia,5.0,518,0.9652509652509652,1,25.0
2026-W34,Fleury,saude,5.0,552,0.9057971014492754,1,28.0
2026-W34,Locaweb,tecnologia,4.0,518,0.7722007722007722,1,29.0
2026-W34,SAP,tecnologia,4.0,518,0.7722007722007722,1,29.0
2026-W34,Stefanini,tecnologia,4.0,518,0.7722007722007722,1,29.0
2026-W34,Hapvida,saude,4.0,552,0.7246376811594203,1,32.0
2026-W34,CI&T,tecnologia,3.0,518,0.5791505791505791,1,33.0
2026-W34,Aché Laboratórios,saude,3.0,552,0.5434782608695652,1,34.0
2026-W34,Agibank,fintech,3.0,552,0.5434782608695652,1,34.0
2026-W34,Itaú,fintech,3.0,552,0.5434782608695652,1,34.0
2026-W34,Grupo Boticário,varejo,2.0,552,0.36231884057971014,1,37.0
2026-W34,Novartis,saude,2.0,552,0.36231884057971014,1,37.0
2026-W34,Pfizer,saude,2.0,552,0.36231884057971014,1,37.0
2026-W34,Raia Drogasil,saude,2.0,552,0.36231884057971014,1,37.0
2026-W34,Shein,varejo,2.0,552,0.36231884057971014,1,37.0
2026-W34,BTG Pactual,fintech,1.0,552,0.18115942028985507,1,42.0
2026-W34,Dasa,saude,1.0,552,0.18115942028985507,1,42.0
2026-W34,NotreDame Intermédica,saude,1.0,552,0.18115942028985507,1,42.0
2026-W34,Rede D'Or,saude,1.0,552,0.18115942028985507,1,42.0
2026-W34,Unimed,saude,1.0,552,0.18115942028985507,1,42.0
2026-W34,XP Investimentos,fintech,1.0,552,0.18115942028985507,1,42.0
2026-W34,Accenture Brasil,tecnologia,0.0,518,0.0,1,48.0
2026-W34,AliExpress,varejo,0.0,552,0.0,1,48.0
2026-W34,Alliar,saude,0.0,552,0.0,1,48.0
2026-W34,Amil,saude,0.0,552,0.0,1,48.0
2026-W34,Banco Neon,fintech,0.0,552,0.0,1,48.0
2026-W34,Banco Safra,fintech,0.0,552,0.0,1,48.0
2026-W34,C&A Brasil,varejo,0.0,552,0.0,1,48.0
2026-W34,Centauro,varejo,0.0,552,0.0,1,48.0
2026-W34,Chime,fintech,0.0,552,0.0,1,48.0
2026-W34,Cielo,fintech,0.0,552,0.0,1,48.0
2026-W34,CloudWalk,fintech,0.0,552,0.0,1,48.0
2026-W34,Conta Azul,tecnologia,0.0,518,0.0,1,48.0
2026-W34,Dafiti,varejo,0.0,552,0.0,1,48.0
2026-W34,Dock,fintech,0.0,552,0.0,1,48.0
2026-W34,Globant Brasil,tecnologia,0.0,518,0.0,1,48.0
2026-W34,Grupo Pão de Açúcar,varejo,0.0,552,0.0,1,48.0
2026-W34,HCA Healthcare,saude,0.0,552,0.0,1,48.0
2026-W34,Hermes Pardini,saude,0.0,552,0.0,1,48.0
2026-W34,Hospital Einstein,saude,0.0,552,0.0,1,48.0
2026-W34,IBM Brasil,tecnologia,0.0,518,0.0,1,48.0
2026-W34,IKEA,varejo,0.0,552,0.0,1,48.0
2026-W34,Infosys,tecnologia,0.0,518,0.0,1,48.0
2026-W34,Kaiser Permanente,saude,0.0,552,0.0,1,48.0
2026-W34,Klarna,fintech,0.0,552,0.0,1,48.0
2026-W34,Leroy Merlin Brasil,varejo,0.0,552,0.0,1,48.0
2026-W34,Linx S.A.,tecnologia,0.0,518,0.0,1,48.0
2026-W34,M Dias Branco,varejo,0.0,552,0.0,1,48.0
2026-W34,Madeira Madeira,varejo,0.0,552,0.0,1,48.0
2026-W34,Mandic,tecnologia,0.0,518,0.0,1,48.0
2026-W34,Mayo Clinic,saude,0.0,552,0.0,1,48.0
2026-W34,Mobly,varejo,0.0,552,0.0,1,48.0
2026-W34,Monzo,fintech,0.0,552,0.0,1,48.0
2026-W34,N26,fintech,0.0,552,0.0,1,48.0
2026-W34,NHS,saude,0.0,552,0.0,1,48.0
2026-W34,Netfarma,varejo,0.0,552,0.0,1,48.0
2026-W34,Netshoes,varejo,0.0,552,0.0,1,48.0
2026-W34,NeuralMed,tecnologia,0.0,518,0.0,1,48.0
2026-W34,Oncoclínicas,saude,0.0,552,0.0,1,48.0
2026-W34,Petz,varejo,0.0,552,0.0,1,48.0
2026-W34,Porto Saúde,saude,0.0,552,0.0,1,48.0
2026-W34,Prevent Senior,saude,0.0,552,0.0,1,48.0
2026-W34,RD Station,tecnologia,0.0,518,0.0,1,48.0
2026-W34,Revolut,fintech,0.0,552,0.0,1,48.0
2026-W34,Riachuelo,varejo,0.0,552,0.0,1,48.0
2026-W34,Robinhood,fintech,0.0,552,0.0,1,48.0
2026-W34,Roche,saude,0.0,552,0.0,1,48.0
2026-W34,Salesforce,tecnologia,0.0,518,0.0,1,48.0
2026-W34,SambaTech,tecnologia,0.0,518,0.0,1,48.0
2026-W34,Semantix,tecnologia,0.0,518,0.0,1,48.0
2026-W34,Shopee Brasil,varejo,0.0,552,0.0,1,48.0
2026-W34,Sinqia,tecnologia,0.0,518,0.0,1,48.0
2026-W34,SoFi,fintech,0.0,552,0.0,1,48.0
2026-W34,Stone Co,fintech,0.0,552,0.0,1,48.0
2026-W34,SulAmérica Saúde,saude,0.0,552,0.0,1,48.0
2026-W34,Swap,fintech,0.0,552,0.0,1,48.0
2026-W34,TCS,tecnologia,0.0,518,0.0,1,48.0
2026-W34,Target,varejo,0.0,552,0.0,1,48.0
2026-W34,Tivit,tecnologia,0.0,518,0.0,1,48.0
2026-W34,UnitedHealth,saude,0.0,552,0.0,1,48.0
2026-W34,Vtex,tecnologia,0.0,518,0.0,1,48.0
2026-W34,Will Bank,fintech,0.0,552,0.0,1,48.0
2026-W34,Wise,fintech,0.0,552,0.0,1,48.0
2026-W34,Zalando,varejo,0.0,552,0.0,1,48.0
2026-W34,eBay,varejo,0.0,552,0.0,1,48.0
2026-W36,Nubank,fintech,169.0,456,37.06140350877193,2,1.0
2026-W36,Mercado Livre,varejo,97.0,456,21.271929824561404,2,2.0
2026-W36,Magazine Luiza,varejo,74.0,456,16.228070175438596,2,3.0
2026-W36,C6 Bank,fintech,44.0,456,9.649122807017545,2,4.0
2026-W36,PicPay,fintech,38.0,456,8.333333333333334,2,5.0
2026-W36,Totvs,tecnologia,36.0,456,7.894736842105263,2,6.0
2026-W36,EMS Pharma,saude,35.0,456,7.675438596491228,2,7.0
2026-W36,Mercado Pago,fintech,29.0,456,6.359649122807017,2,8.0
2026-W36,Banco Inter,fintech,26.0,456,5.701754385964913,2,9.0
2026-W36,PagBank,fintech,25.0,456,5.482456140350878,2,10.0
2026-W36,Hypera Pharma,saude,24.0,456,5.2631578947368425,2,11.0
2026-W36,Eurofarma,saude,13.0,456,2.8508771929824563,2,12.0
2026-W36,Americanas,varejo,10.0,456,2.192982456140351,2,13.0
2026-W36,SAP,tecnologia,9.0,456,1.9736842105263157,2,14.0
2026-W36,Amazon Brasil,varejo,7.0,456,1.5350877192982457,2,15.0
2026-W36,Microsoft,tecnologia,7.0,456,1.5350877192982457,2,15.0
2026-W36,Amazon,varejo,6.0,456,1.3157894736842106,2,17.0
2026-W36,Casas Bahia,varejo,6.0,456,1.3157894736842106,2,17.0
2026-W36,Sírio-Libanês,saude,6.0,456,1.3157894736842106,2,17.0
2026-W36,iFood,tecnologia,6.0,456,1.3157894736842106,2,17.0
2026-W36,Bradesco,fintech,5.0,456,1.0964912280701755,2,21.0
2026-W36,Google,tecnologia,4.0,456,0.8771929824561403,2,22.0
2026-W36,Movile,tecnologia,4.0,456,0.8771929824561403,2,22.0
2026-W36,Raia Drogasil,saude,4.0,456,0.8771929824561403,2,22.0
2026-W36,Walmart,varejo,4.0,456,0.8771929824561403,2,22.0
2026-W36,Accenture,tecnologia,3.0,456,0.6578947368421053,2,26.0
2026-W36,Agibank,fintech,3.0,456,0.6578947368421053,2,26.0
2026-W36,Fleury,saude,3.0,456,0.6578947368421053,2,26.0
2026-W36,AliExpress,varejo,2.0,456,0.43859649122807015,2,29.0
2026-W36,CI&T,tecnologia,2.0,456,0.43859649122807015,2,29.0
2026-W36,Dasa,saude,2.0,456,0.43859649122807015,2,29.0
2026-W36,Hapvida,saude,2.0,456,0.43859649122807015,2,29.0
2026-W36,Involves,tecnologia,2.0,456,0.43859649122807015,2,29.0
2026-W36,Itaú,fintech,2.0,456,0.43859649122807015,2,29.0
2026-W36,Locaweb,tecnologia,2.0,456,0.43859649122807015,2,29.0
2026-W36,Novartis,saude,2.0,456,0.43859649122807015,2,29.0
2026-W36,Pfizer,saude,2.0,456,0.43859649122807015,2,29.0
2026-W36,XP Investimentos,fintech,2.0,456,0.43859649122807015,2,29.0
2026-W36,Aché Laboratórios,saude,1.0,456,0.21929824561403508,2,39.0
2026-W36,BTG Pactual,fintech,1.0,456,0.21929824561403508,2,39.0
2026-W36,Grupo Boticário,varejo,1.0,456,0.21929824561403508,2,39.0
2026-W36,NotreDame Intermédica,saude,1.0,456,0.21929824561403508,2,39.0
2026-W36,Oracle,tecnologia,1.0,456,0.21929824561403508,2,39.0
2026-W36,Renner,varejo,1.0,456,0.21929824561403508,2,39.0
2026-W36,Roche,saude,1.0,456,0.21929824561403508,2,39.0
2026-W36,Shein,varejo,1.0,456,0.21929824561403508,2,39.0
2026-W36,Sinqia,tecnologia,1.0,456,0.21929824561403508,2,39.0
2026-W36,Stefanini,tecnologia,1.0,456,0.21929824561403508,2,39.0
2026-W36,SulAmérica Saúde,saude,1.0,456,0.21929824561403508,2,39.0
2026-W36,Unimed,saude,1.0,456,0.21929824561403508,2,39.0
2026-W36,Vtex,tecnologia,1.0,456,0.21929824561403508,2,39.0
2026-W36,Accenture Brasil,tecnologia,0.0,456,0.0,2,52.0
2026-W36,Alliar,saude,0.0,456,0.0,2,52.0
2026-W36,Amil,saude,0.0,456,0.0,2,52.0
2026-W36,Banco Neon,fintech,0.0,456,0.0,2,52.0
2026-W36,Banco Safra,fintech,0.0,456,0.0,2,52.0
2026-W36,C&A Brasil,varejo,0.0,456,0.0,2,52.0
2026-W36,Centauro,varejo,0.0,456,0.0,2,52.0
2026-W36,Chime,fintech,0.0,456,0.0,2,52.0
2026-W36,Cielo,fintech,0.0,456,0.0,2,52.0
2026-W36,CloudWalk,fintech,0.0,456,0.0,2,52.0
2026-W36,Conta Azul,tecnologia,0.0,456,0.0,2,52.0
2026-W36,Dafiti,varejo,0.0,456,0.0,2,52.0
2026-W36,Dock,fintech,0.0,456,0.0,2,52.0
2026-W36,Globant Brasil,tecnologia,0.0,456,0.0,2,52.0
2026-W36,Grupo Pão de Açúcar,varejo,0.0,456,0.0,2,52.0
2026-W36,HCA Healthcare,saude,0.0,456,0.0,2,52.0
2026-W36,Hermes Pardini,saude,0.0,456,0.0,2,52.0
2026-W36,Hospital Einstein,saude,0.0,456,0.0,2,52.0
2026-W36,IBM Brasil,tecnologia,0.0,456,0.0,2,52.0
2026-W36,IKEA,varejo,0.0,456,0.0,2,52.0
2026-W36,Infosys,tecnologia,0.0,456,0.0,2,52.0
2026-W36,Kaiser Permanente,saude,0.0,456,0.0,2,52.0
2026-W36,Klarna,fintech,0.0,456,0.0,2,52.0
2026-W36,Leroy Merlin Brasil,varejo,0.0,456,0.0,2,52.0
2026-W36,Linx S.A.,tecnologia,0.0,456,0.0,2,52.0
2026-W36,M Dias Branco,varejo,0.0,456,0.0,2,52.0
2026-W36,Madeira Madeira,varejo,0.0,456,0.0,2,52.0
2026-W36,Mandic,tecnologia,0.0,456,0.0,2,52.0
2026-W36,Mayo Clinic,saude,0.0,456,0.0,2,52.0
2026-W36,Mobly,varejo,0.0,456,0.0,2,52.0
2026-W36,Monzo,fintech,0.0,456,0.0,2,52.0
2026-W36,N26,fintech,0.0,456,0.0,2,52.0
2026-W36,NHS,saude,0.0,456,0.0,2,52.0
2026-W36,Netfarma,varejo,0.0,456,0.0,2,52.0
2026-W36,Netshoes,varejo,0.0,456,0.0,2,52.0
2026-W36,NeuralMed,tecnologia,0.0,456,0.0,2,52.0
2026-W36,Oncoclínicas,saude,0.0,456,0.0,2,52.0
2026-W36,Petz,varejo,0.0,456,0.0,2,52.0
2026-W36,Porto Saúde,saude,0.0,456,0.0,2,52.0
2026-W36,Prevent Senior,saude,0.0,456,0.0,2,52.0
2026-W36,RD Station,tecnologia,0.0,456,0.0,2,52.0
2026-W36,Rede D'Or,saude,0.0,456,0.0,2,52.0
2026-W36,Revolut,fintech,0.0,456,0.0,2,52.0
2026-W36,Riachuelo,varejo,0.0,456,0.0,2,52.0
2026-W36,Robinhood,fintech,0.0,456,0.0,2,52.0
2026-W36,Salesforce,tecnologia,0.0,456,0.0,2,52.0
2026-W36,SambaTech,tecnologia,0.0,456,0.0,2,52.0
2026-W36,Semantix,tecnologia,0.0,456,0.0,2,52.0
2026-W36,Shopee Brasil,varejo,0.0,456,0.0,2,52.0
2026-W36,SoFi,fintech,0.0,456,0.0,2,52.0
2026-W36,Stone Co,fintech,0.0,456,0.0,2,52.0
2026-W36,Swap,fintech,0.0,456,0.0,2,52.0
2026-W36,TCS,tecnologia,0.0,456,0.0,2,52.0
2026-W36,Target,varejo,0.0,456,0.0,2,52.0
2026-W36,Tivit,tecnologia,0.0,456,0.0,2,52.0
2026-W36,UnitedHealth,saude,0.0,456,0.0,2,52.0
2026-W36,Will Bank,fintech,0.0,456,0.0,2,52.0
2026-W36,Wise,fintech,0.0,456,0.0,2,52.0
2026-W36,Zalando,varejo,0.0,456,0.0,2,52.0
2026-W36,eBay,varejo,0.0,456,0.0,2,52.0
2026-W37,Nubank,fintech,121.0,329,36.77811550151976,2,1.0
2026-W37,Mercado Livre,varejo,58.0,312,18.58974358974359,2,2.0
2026-W37,Magazine Luiza,varejo,56.0,312,17.94871794871795,2,3.0
2026-W37,C6 Bank,fintech,32.0,329,9.72644376899696,2,4.0
2026-W37,PicPay,fintech,27.0,329,8.206686930091186,2,5.0
2026-W37,Mercado Pago,fintech,25.0,329,7.598784194528875,2,6.0
2026-W37,Totvs,tecnologia,20.0,312,6.410256410256411,2,7.0
2026-W37,EMS Pharma,saude,18.0,312,5.769230769230769,2,8.0
2026-W37,PagBank,fintech,18.0,329,5.47112462006079,2,9.0
2026-W37,Banco Inter,fintech,17.0,329,5.167173252279635,2,10.0
2026-W37,Americanas,varejo,15.0,312,4.8076923076923075,2,11.0
2026-W37,Hypera Pharma,saude,15.0,312,4.8076923076923075,2,11.0
2026-W37,Casas Bahia,varejo,6.0,312,1.9230769230769231,2,13.0
2026-W37,Eurofarma,saude,6.0,312,1.9230769230769231,2,13.0
2026-W37,Google,tecnologia,6.0,312,1.9230769230769231,2,13.0
2026-W37,Bradesco,fintech,6.0,329,1.8237082066869301,2,16.0
2026-W37,Microsoft,tecnologia,5.0,312,1.6025641025641026,2,17.0
2026-W37,Movile,tecnologia,4.0,312,1.2820512820512822,2,18.0
2026-W37,Walmart,varejo,4.0,312,1.2820512820512822,2,18.0
2026-W37,iFood,tecnologia,4.0,312,1.2820512820512822,2,18.0
2026-W37,Accenture,tecnologia,3.0,312,0.9615384615384616,2,21.0
2026-W37,Raia Drogasil,saude,3.0,312,0.9615384615384616,2,21.0
2026-W37,SAP,tecnologia,3.0,312,0.9615384615384616,2,21.0
2026-W37,Amazon,varejo,2.0,312,0.6410256410256411,2,24.0
2026-W37,Amazon Brasil,varejo,2.0,312,0.6410256410256411,2,24.0
2026-W37,CI&T,tecnologia,2.0,312,0.6410256410256411,2,24.0
2026-W37,Hapvida,saude,2.0,312,0.6410256410256411,2,24.0
2026-W37,Involves,tecnologia,2.0,312,0.6410256410256411,2,24.0
2026-W37,Rede D'Or,saude,2.0,312,0.6410256410256411,2,24.0
2026-W37,Renner,varejo,2.0,312,0.6410256410256411,2,24.0
2026-W37,Stefanini,tecnologia,2.0,312,0.6410256410256411,2,24.0
2026-W37,Sírio-Libanês,saude,2.0,312,0.6410256410256411,2,24.0
2026-W37,Target,varejo,2.0,312,0.6410256410256411,2,24.0
2026-W37,Itaú,fintech,2.0,329,0.60790273556231,2,34.0
2026-W37,Will Bank,fintech,2.0,329,0.60790273556231,2,34.0
2026-W37,Aché Laboratórios,saude,1.0,312,0.32051282051282054,2,36.0
2026-W37,Fleury,saude,1.0,312,0.32051282051282054,2,36.0
2026-W37,Novartis,saude,1.0,312,0.32051282051282054,2,36.0
2026-W37,Pfizer,saude,1.0,312,0.32051282051282054,2,36.0
2026-W37,Unimed,saude,1.0,312,0.32051282051282054,2,36.0
2026-W37,eBay,varejo,1.0,312,0.32051282051282054,2,36.0
2026-W37,BTG Pactual,fintech,1.0,329,0.303951367781155,2,42.0
2026-W37,Accenture Brasil,tecnologia,0.0,312,0.0,2,43.0
2026-W37,Agibank,fintech,0.0,329,0.0,2,43.0
2026-W37,AliExpress,varejo,0.0,312,0.0,2,43.0
2026-W37,Alliar,saude,0.0,312,0.0,2,43.0
2026-W37,Amil,saude,0.0,312,0.0,2,43.0
2026-W37,Banco Neon,fintech,0.0,329,0.0,2,43.0
2026-W37,Banco Safra,fintech,0.0,329,0.0,2,43.0
2026-W37,C&A Brasil,varejo,0.0,312,0.0,2,43.0
2026-W37,Centauro,varejo,0.0,312,0.0,2,43.0
2026-W37,Chime,fintech,0.0,329,0.0,2,43.0
2026-W37,Cielo,fintech,0.0,329,0.0,2,43.0
2026-W37,CloudWalk,fintech,0.0,329,0.0,2,43.0
2026-W37,Conta Azul,tecnologia,0.0,312,0.0,2,43.0
2026-W37,Dafiti,varejo,0.0,312,0.0,2,43.0
2026-W37,Dasa,saude,0.0,312,0.0,2,43.0
2026-W37,Dock,fintech,0.0,329,0.0,2,43.0
2026-W37,Globant Brasil,tecnologia,0.0,312,0.0,2,43.0
2026-W37,Grupo Boticário,varejo,0.0,312,0.0,2,43.0
2026-W37,Grupo Pão de Açúcar,varejo,0.0,312,0.0,2,43.0
2026-W37,HCA Healthcare,saude,0.0,312,0.0,2,43.0
2026-W37,Hermes Pardini,saude,0.0,312,0.0,2,43.0
2026-W37,Hospital Einstein,saude,0.0,312,0.0,2,43.0
2026-W37,IBM Brasil,tecnologia,0.0,312,0.0,2,43.0
2026-W37,IKEA,varejo,0.0,312,0.0,2,43.0
2026-W37,Infosys,tecnologia,0.0,312,0.0,2,43.0
2026-W37,Kaiser Permanente,saude,0.0,312,0.0,2,43.0
2026-W37,Klarna,fintech,0.0,329,0.0,2,43.0
2026-W37,Leroy Merlin Brasil,varejo,0.0,312,0.0,2,43.0
2026-W37,Linx S.A.,tecnologia,0.0,312,0.0,2,43.0
2026-W37,Locaweb,tecnologia,0.0,312,0.0,2,43.0
2026-W37,M Dias Branco,varejo,0.0,312,0.0,2,43.0
2026-W37,Madeira Madeira,varejo,0.0,312,0.0,2,43.0
2026-W37,Mandic,tecnologia,0.0,312,0.0,2,43.0
2026-W37,Mayo Clinic,saude,0.0,312,0.0,2,43.0
2026-W37,Mobly,varejo,0.0,312,0.0,2,43.0
2026-W37,Monzo,fintech,0.0,329,0.0,2,43.0
2026-W37,N26,fintech,0.0,329,0.0,2,43.0
2026-W37,NHS,saude,0.0,312,0.0,2,43.0
2026-W37,Netfarma,varejo,0.0,312,0.0,2,43.0
2026-W37,Netshoes,varejo,0.0,312,0.0,2,43.0
2026-W37,NeuralMed,tecnologia,0.0,312,0.0,2,43.0
2026-W37,NotreDame Intermédica,saude,0.0,312,0.0,2,43.0
2026-W37,Oncoclínicas,saude,0.0,312,0.0,2,43.0
2026-W37,Oracle,tecnologia,0.0,312,0.0,2,43.0
2026-W37,Petz,varejo,0.0,312,0.0,2,43.0
2026-W37,Porto Saúde,saude,0.0,312,0.0,2,43.0
2026-W37,Prevent Senior,saude,0.0,312,0.0,2,43.0
2026-W37,RD Station,tecnologia,0.0,312,0.0,2,43.0
2026-W37,Revolut,fintech,0.0,329,0.0,2,43.0
2026-W37,Riachuelo,varejo,0.0,312,0.0,2,43.0
2026-W37,Robinhood,fintech,0.0,329,0.0,2,43.0
2026-W37,Roche,saude,0.0,312,0.0,2,43.0
2026-W37,Salesforce,tecnologia,0.0,312,0.0,2,43.0
2026-W37,SambaTech,tecnologia,0.0,312,0.0,2,43.0
2026-W37,Semantix,tecnologia,0.0,312,0.0,2,43.0
2026-W37,Shein,varejo,0.0,312,0.0,2,43.0
2026-W37,Shopee Brasil,varejo,0.0,312,0.0,2,43.0
2026-W37,Sinqia,tecnologia,0.0,312,0.0,2,43.0
2026-W37,SoFi,fintech,0.0,329,0.0,2,43.0
2026-W37,Stone Co,fintech,0.0,329,0.0,2,43.0
2026-W37,SulAmérica Saúde,saude,0.0,312,0.0,2,43.0
2026-W37,Swap,fintech,0.0,329,0.0,2,43.0
2026-W37,TCS,tecnologia,0.0,312,0.0,2,43.0
2026-W37,Tivit,tecnologia,0.0,312,0.0,2,43.0
2026-W37,UnitedHealth,saude,0.0,312,0.0,2,43.0
2026-W37,Vtex,tecnologia,0.0,312,0.0,2,43.0
2026-W37,Wise,fintech,0.0,329,0.0,2,43.0
2026-W37,XP Investimentos,fintech,0.0,329,0.0,2,43.0
2026-W37,Zalando,varejo,0.0,312,0.0,2,43.0
