series,cum_share_entities,cum_share_mentions
mentions_real_cohort,0.0,0.0
mentions_real_cohort,0.009009009009009009,0.0
mentions_real_cohort,0.018018018018018018,0.0
mentions_real_cohort,0.02702702702702703,0.0
mentions_real_cohort,0.036036036036036036,0.0
mentions_real_cohort,0.04504504504504504,0.0
mentions_real_cohort,0.05405405405405406,0.0
mentions_real_cohort,0.06306306306306306,0.0
mentions_real_cohort,0.07207207207207207,0.0
mentions_real_cohort,0.08108108108108109,0.0
mentions_real_cohort,0.09009009009009009,0.0
mentions_real_cohort,0.0990990990990991,0.0
mentions_real_cohort,0.10810810810810811,0.0
mentions_real_cohort,0.11711711711711711,0.0
mentions_real_cohort,0.12612612612612611,0.0
mentions_real_cohort,0.13513513513513514,0.0
mentions_real_cohort,0.14414414414414414,0.0
mentions_real_cohort,0.15315315315315314,0.0
mentions_real_cohort,0.16216216216216217,0.0
mentions_real_cohort,0.17117117117117117,0.0
mentions_real_cohort,0.18018018018018017,0.0
mentions_real_cohort,0.1891891891891892,0.0
mentions_real_cohort,0.1981981981981982,0.0
mentions_real_cohort,0.2072072072072072,0.0
mentions_real_cohort,0.21621621621621623,0.0
mentions_real_cohort,0.22522522522522523,0.0
mentions_real_cohort,0.23423423423423423,0.0
mentions_real_cohort,0.24324324324324326,0.0
mentions_real_cohort,0.25225225225225223,0.0
mentions_real_cohort,0.26126126126126126,0.0
mentions_real_cohort,0.2702702702702703,0.0
mentions_real_cohort,0.27927927927927926,0.0
mentions_real_cohort,0.2882882882882883,0.0
mentions_real_cohort,0.2972972972972973,0.0
mentions_real_cohort,0.3063063063063063,0.0
mentions_real_cohort,0.3153153153153153,0.0
mentions_real_cohort,0.32432432432432434,0.0
mentions_real_cohort,0.3333333333333333,0.0
mentions_real_cohort,0.34234234234234234,0.0
mentions_real_cohort,0.35135135135135137,0.0
mentions_real_cohort,0.36036036036036034,0.0
mentions_real_cohort,0.36936936936936937,0.0
mentions_real_cohort,0.3783783783783784,0.0
mentions_real_cohort,0.38738738738738737,0.0
mentions_real_cohort,0.3963963963963964,0.0
mentions_real_cohort,0.40540540540540543,0.0
mentions_real_cohort,0.4144144144144144,5.247415647793462e-05
mentions_real_cohort,0.42342342342342343,0.00010494831295586924
mentions_real_cohort,0.43243243243243246,0.00015742246943380384
mentions_real_cohort,0.44144144144144143,0.00020989662591173848
mentions_real_cohort,0.45045045045045046,0.00026237078238967306
mentions_real_cohort,0.4594594594594595,0.00036731909534554235
mentions_real_cohort,0.46846846846846846,0.00047226740830141157
mentions_real_cohort,0.4774774774774775,0.0005772157212572807
mentions_real_cohort,0.4864864864864865,0.0007871123471690193
mentions_real_cohort,0.4954954954954955,0.0009970089730807576
mentions_real_cohort,0.5045045045045045,0.0014168022249042348
mentions_real_cohort,0.5135135135135135,0.0018365954767277117
mentions_real_cohort,0.5225225225225225,0.002308862885029123
mentions_real_cohort,0.5315315315315315,0.0028336044498084695
mentions_real_cohort,0.5405405405405406,0.0034108201710657503
mentions_real_cohort,0.5495495495495496,0.004040510048800966
mentions_real_cohort,0.5585585585585585,0.004722674083014115
mentions_real_cohort,0.5675675675675675,0.005457312273705201
mentions_real_cohort,0.5765765765765766,0.006244424620874219
mentions_real_cohort,0.5855855855855856,0.007084011124521173
mentions_real_cohort,0.5945945945945946,0.008343390879991605
mentions_real_cohort,0.6036036036036037,0.009602770635462035
mentions_real_cohort,0.6126126126126126,0.01101957286036627
mentions_real_cohort,0.6216216216216216,0.012593797554704309
mentions_real_cohort,0.6306306306306306,0.014377918874954085
mentions_real_cohort,0.6396396396396397,0.016266988508159733
mentions_real_cohort,0.6486486486486487,0.018943170488534396
mentions_real_cohort,0.6576576576576577,0.021724300781864932
mentions_real_cohort,0.6666666666666666,0.02524006926588655
mentions_real_cohort,0.6756756756756757,0.029018208532297845
mentions_real_cohort,0.6846846846846847,0.03321614105053261
mentions_real_cohort,0.6936936936936937,0.03746654772524532
mentions_real_cohort,0.7027027027027027,0.04187437686939183
mentions_real_cohort,0.7117117117117117,0.04675447342183974
mentions_real_cohort,0.7207207207207207,0.05163456997428766
mentions_real_cohort,0.7297297297297297,0.056619614839691454
mentions_real_cohort,0.7387387387387387,0.06207692711339665
mentions_real_cohort,0.7477477477477478,0.06842630004722675
mentions_real_cohort,0.7567567567567568,0.07482814713753476
mentions_real_cohort,0.7657657657657657,0.08122999422784279
mentions_real_cohort,0.7747747747747747,0.08841895366531984
mentions_real_cohort,0.7837837837837838,0.09571286141575275
mentions_real_cohort,0.7927927927927928,0.10479089048643543
mentions_real_cohort,0.8018018018018018,0.11455108359133127
mentions_real_cohort,0.8108108108108109,0.12436375085270504
mentions_real_cohort,0.8198198198198198,0.13669517762501968
mentions_real_cohort,0.8288288288288288,0.14949887180563573
mentions_real_cohort,0.8378378378378378,0.16240751429920763
mentions_real_cohort,0.8468468468468469,0.17557852757516923
mentions_real_cohort,0.8558558558558559,0.18927428241591016
mentions_real_cohort,0.8648648648648649,0.2032848821955187
mentions_real_cohort,0.8738738738738738,0.2191845516083329
mentions_real_cohort,0.8828828828828829,0.2360287558377499
mentions_real_cohort,0.8918918918918919,0.2531353308495566
mentions_real_cohort,0.9009009009009009,0.271238914834444
mentions_real_cohort,0.9099099099099099,0.29033950779241224
mentions_real_cohort,0.918918918918919,0.31222123104371097
mentions_real_cohort,0.9279279279279279,0.3369890329012961
mentions_real_cohort,0.9369369369369369,0.3657973448076822
mentions_real_cohort,0.9459459459459459,0.3992758566406045
mentions_real_cohort,0.954954954954955,0.4395760088156583
mentions_real_cohort,0.963963963963964,0.4804009025554914
mentions_real_cohort,0.972972972972973,0.5274702209161988
mentions_real_cohort,0.9819819819819819,0.633992758566406
mentions_real_cohort,0.990990990990991,0.758356509419111
mentions_real_cohort,1.0,1.0
mentions_full_cohort,0.0,0.0
mentions_full_cohort,0.007874015748031496,0.0
mentions_full_cohort,0.015748031496062992,0.0
mentions_full_cohort,0.023622047244094488,0.0
mentions_full_cohort,0.031496062992125984,0.0
mentions_full_cohort,0.03937007874015748,0.0
mentions_full_cohort,0.047244094488188976,0.0
mentions_full_cohort,0.05511811023622047,0.0
mentions_full_cohort,0.06299212598425197,0.0
mentions_full_cohort,0.07086614173228346,0.0
mentions_full_cohort,0.07874015748031496,0.0
mentions_full_cohort,0.08661417322834646,0.0
mentions_full_cohort,0.09448818897637795,0.0
mentions_full_cohort,0.10236220472440945,0.0
mentions_full_cohort,0.11023622047244094,0.0
mentions_full_cohort,0.11811023622047244,0.0
mentions_full_cohort,0.12598425196850394,0.0
mentions_full_cohort,0.13385826771653545,0.0
mentions_full_cohort,0.14173228346456693,0.0
mentions_full_cohort,0.14960629921259844,0.0
mentions_full_cohort,0.15748031496062992,0.0
mentions_full_cohort,0.16535433070866143,0.0
mentions_full_cohort,0.1732283464566929,0.0
mentions_full_cohort,0.18110236220472442,0.0
mentions_full_cohort,0.1889763779527559,0.0
mentions_full_cohort,0.1968503937007874,0.0
mentions_full_cohort,0.2047244094488189,0.0
mentions_full_cohort,0.2125984251968504,0.0
mentions_full_cohort,0.2204724409448819,0.0
mentions_full_cohort,0.2283464566929134,0.0
mentions_full_cohort,0.23622047244094488,0.0
mentions_full_cohort,0.2440944881889764,0.0
mentions_full_cohort,0.25196850393700787,0.0
mentions_full_cohort,0.25984251968503935,0.0
mentions_full_cohort,0.2677165354330709,0.0
mentions_full_cohort,0.2755905511811024,0.0
mentions_full_cohort,0.28346456692913385,0.0
mentions_full_cohort,0.29133858267716534,0.0
mentions_full_cohort,0.2992125984251969,0.0
mentions_full_cohort,0.30708661417322836,0.0
mentions_full_cohort,0.31496062992125984,0.0
mentions_full_cohort,0.3228346456692913,0.0
mentions_full_cohort,0.33070866141732286,0.0
mentions_full_cohort,0.33858267716535434,0.0
mentions_full_cohort,0.3464566929133858,0.0
mentions_full_cohort,0.3543307086614173,0.0
mentions_full_cohort,0.36220472440944884,0.0
mentions_full_cohort,0.3700787401574803,0.0
mentions_full_cohort,0.3779527559055118,0.0
mentions_full_cohort,0.3858267716535433,0.0
mentions_full_cohort,0.3937007874015748,0.0
mentions_full_cohort,0.4015748031496063,0.0
mentions_full_cohort,0.4094488188976378,0.0
mentions_full_cohort,0.41732283464566927,0.0
mentions_full_cohort,0.4251968503937008,0.0
mentions_full_cohort,0.4330708661417323,0.0
mentions_full_cohort,0.4409448818897638,0.0
mentions_full_cohort,0.44881889763779526,0.0
mentions_full_cohort,0.4566929133858268,0.0
mentions_full_cohort,0.4645669291338583,0.0
mentions_full_cohort,0.47244094488188976,0.0
mentions_full_cohort,0.48031496062992124,0.0
mentions_full_cohort,0.4881889763779528,5.247415647793462e-05
mentions_full_cohort,0.49606299212598426,0.00010494831295586924
mentions_full_cohort,0.5039370078740157,0.00015742246943380384
mentions_full_cohort,0.5118110236220472,0.00020989662591173848
mentions_full_cohort,0.5196850393700787,0.00026237078238967306
mentions_full_cohort,0.5275590551181102,0.00036731909534554235
mentions_full_cohort,0.5354330708661418,0.00047226740830141157
mentions_full_cohort,0.5433070866141733,0.0005772157212572807
mentions_full_cohort,0.5511811023622047,0.0007871123471690193
mentions_full_cohort,0.5590551181102362,0.0009970089730807576
mentions_full_cohort,0.5669291338582677,0.0014168022249042348
mentions_full_cohort,0.5748031496062992,0.0018365954767277117
mentions_full_cohort,0.5826771653543307,0.002308862885029123
mentions_full_cohort,0.5905511811023622,0.0028336044498084695
mentions_full_cohort,0.5984251968503937,0.0034108201710657503
mentions_full_cohort,0.6062992125984252,0.004040510048800966
mentions_full_cohort,0.6141732283464567,0.004722674083014115
mentions_full_cohort,0.6220472440944882,0.005457312273705201
mentions_full_cohort,0.6299212598425197,0.006244424620874219
mentions_full_cohort,0.6377952755905512,0.007084011124521173
mentions_full_cohort,0.6456692913385826,0.008343390879991605
mentions_full_cohort,0.6535433070866141,0.009602770635462035
mentions_full_cohort,0.6614173228346457,0.01101957286036627
mentions_full_cohort,0.6692913385826772,0.012593797554704309
mentions_full_cohort,0.6771653543307087,0.014377918874954085
mentions_full_cohort,0.6850393700787402,0.016266988508159733
mentions_full_cohort,0.6929133858267716,0.018943170488534396
mentions_full_cohort,0.7007874015748031,0.021724300781864932
mentions_full_cohort,0.7086614173228346,0.02524006926588655
mentions_full_cohort,0.7165354330708661,0.029018208532297845
mentions_full_cohort,0.7244094488188977,0.03321614105053261
mentions_full_cohort,0.7322834645669292,0.03746654772524532
mentions_full_cohort,0.7401574803149606,0.04187437686939183
mentions_full_cohort,0.7480314960629921,0.04675447342183974
mentions_full_cohort,0.7559055118110236,0.05163456997428766
mentions_full_cohort,0.7637795275590551,0.056619614839691454
mentions_full_cohort,0.7716535433070866,0.06207692711339665
mentions_full_cohort,0.7795275590551181,0.06842630004722675
mentions_full_cohort,0.7874015748031497,0.07482814713753476
mentions_full_cohort,0.7952755905511811,0.08122999422784279
mentions_full_cohort,0.8031496062992126,0.08841895366531984
mentions_full_cohort,0.8110236220472441,0.09571286141575275
mentions_full_cohort,0.8188976377952756,0.10479089048643543
mentions_full_cohort,0.8267716535433071,0.11455108359133127
mentions_full_cohort,0.8346456692913385,0.12436375085270504
mentions_full_cohort,0.84251968503937,0.13669517762501968
mentions_full_cohort,0.8503937007874016,0.14949887180563573
mentions_full_cohort,0.8582677165354331,0.16240751429920763
mentions_full_cohort,0.8661417322834646,0.17557852757516923
mentions_full_cohort,0.8740157480314961,0.18927428241591016
mentions_full_cohort,0.8818897637795275,0.2032848821955187
mentions_full_cohort,0.889763779527559,0.2191845516083329
mentions_full_cohort,0.8976377952755905,0.2360287558377499
mentions_full_cohort,0.905511811023622,0.2531353308495566
mentions_full_cohort,0.9133858267716536,0.271238914834444
mentions_full_cohort,0.9212598425196851,0.29033950779241224
mentions_full_cohort,0.9291338582677166,0.31222123104371097
mentions_full_cohort,0.937007874015748,0.3369890329012961
mentions_full_cohort,0.9448818897637795,0.3657973448076822
mentions_full_cohort,0.952755905511811,0.3992758566406045
mentions_full_cohort,0.9606299212598425,0.4395760088156583
mentions_full_cohort,0.968503937007874,0.4804009025554914
mentions_full_cohort,0.9763779527559056,0.5274702209161988
mentions_full_cohort,0.984251968503937,0.633992758566406
mentions_full_cohort,0.9921259842519685,0.758356509419111
mentions_full_cohort,1.0,1.0
mentions_named_only,0.0,0.0
mentions_named_only,0.015151515151515152,5.247415647793462e-05
mentions_named_only,0.030303030303030304,0.00010494831295586924
mentions_named_only,0.045454545454545456,0.00015742246943380384
mentions_named_only,0.06060606060606061,0.00020989662591173848
mentions_named_only,0.07575757575757576,0.00026237078238967306
mentions_named_only,0.09090909090909091,0.00036731909534554235
mentions_named_only,0.10606060606060606,0.00047226740830141157
mentions_named_only,0.12121212121212122,0.0005772157212572807
mentions_named_only,0.13636363636363635,0.0007871123471690193
mentions_named_only,0.15151515151515152,0.0009970089730807576
mentions_named_only,0.16666666666666666,0.0014168022249042348
mentions_named_only,0.18181818181818182,0.0018365954767277117
mentions_named_only,0.19696969696969696,0.002308862885029123
mentions_named_only,0.21212121212121213,0.0028336044498084695
mentions_named_only,0.22727272727272727,0.0034108201710657503
mentions_named_only,0.24242424242424243,0.004040510048800966
mentions_named_only,0.25757575757575757,0.004722674083014115
mentions_named_only,0.2727272727272727,0.005457312273705201
mentions_named_only,0.2878787878787879,0.006244424620874219
mentions_named_only,0.30303030303030304,0.007084011124521173
mentions_named_only,0.3181818181818182,0.008343390879991605
mentions_named_only,0.3333333333333333,0.009602770635462035
mentions_named_only,0.3484848484848485,0.01101957286036627
mentions_named_only,0.36363636363636365,0.012593797554704309
mentions_named_only,0.3787878787878788,0.014377918874954085
mentions_named_only,0.3939393939393939,0.016266988508159733
mentions_named_only,0.4090909090909091,0.018943170488534396
mentions_named_only,0.42424242424242425,0.021724300781864932
mentions_named_only,0.4393939393939394,0.02524006926588655
mentions_named_only,0.45454545454545453,0.029018208532297845
mentions_named_only,0.4696969696969697,0.03321614105053261
mentions_named_only,0.48484848484848486,0.03746654772524532
mentions_named_only,0.5,0.04187437686939183
mentions_named_only,0.5151515151515151,0.04675447342183974
mentions_named_only,0.5303030303030303,0.05163456997428766
mentions_named_only,0.5454545454545454,0.056619614839691454
mentions_named_only,0.5606060606060606,0.06207692711339665
mentions_named_only,0.5757575757575758,0.06842630004722675
mentions_named_only,0.5909090909090909,0.07482814713753476
mentions_named_only,0.6060606060606061,0.08122999422784279
mentions_named_only,0.6212121212121212,0.08841895366531984
mentions_named_only,0.6363636363636364,0.09571286141575275
mentions_named_only,0.6515151515151515,0.10479089048643543
mentions_named_only,0.6666666666666666,0.11455108359133127
mentions_named_only,0.6818181818181818,0.12436375085270504
mentions_named_only,0.696969696969697,0.13669517762501968
mentions_named_only,0.7121212121212122,0.14949887180563573
mentions_named_only,0.7272727272727273,0.16240751429920763
mentions_named_only,0.7424242424242424,0.17557852757516923
mentions_named_only,0.7575757575757576,0.18927428241591016
mentions_named_only,0.7727272727272727,0.2032848821955187
mentions_named_only,0.7878787878787878,0.2191845516083329
mentions_named_only,0.803030303030303,0.2360287558377499
mentions_named_only,0.8181818181818182,0.2531353308495566
mentions_named_only,0.8333333333333334,0.271238914834444
mentions_named_only,0.8484848484848485,0.29033950779241224
mentions_named_only,0.8636363636363636,0.31222123104371097
mentions_named_only,0.8787878787878788,0.3369890329012961
mentions_named_only,0.8939393939393939,0.3657973448076822
mentions_named_only,0.9090909090909091,0.3992758566406045
mentions_named_only,0.9242424242424242,0.4395760088156583
mentions_named_only,0.9393939393939394,0.4804009025554914
mentions_named_only,0.9545454545454546,0.5274702209161988
mentions_named_only,0.9696969696969697,0.633992758566406
mentions_named_only,0.9848484848484849,0.758356509419111
mentions_named_only,1.0,1.0
first_mentions_real_cohort,0.0,0.0
first_mentions_real_cohort,0.009009009009009009,0.0
first_mentions_real_cohort,0.018018018018018018,0.0
first_mentions_real_cohort,0.02702702702702703,0.0
first_mentions_real_cohort,0.036036036036036036,0.0
first_mentions_real_cohort,0.04504504504504504,0.0
first_mentions_real_cohort,0.05405405405405406,0.0
first_mentions_real_cohort,0.06306306306306306,0.0
first_mentions_real_cohort,0.07207207207207207,0.0
first_mentions_real_cohort,0.08108108108108109,0.0
first_mentions_real_cohort,0.09009009009009009,0.0
first_mentions_real_cohort,0.0990990990990991,0.0
first_mentions_real_cohort,0.10810810810810811,0.0
first_mentions_real_cohort,0.11711711711711711,0.0
first_mentions_real_cohort,0.12612612612612611,0.0
first_mentions_real_cohort,0.13513513513513514,0.0
first_mentions_real_cohort,0.14414414414414414,0.0
first_mentions_real_cohort,0.15315315315315314,0.0
first_mentions_real_cohort,0.16216216216216217,0.0
first_mentions_real_cohort,0.17117117117117117,0.0
first_mentions_real_cohort,0.18018018018018017,0.0
first_mentions_real_cohort,0.1891891891891892,0.0
first_mentions_real_cohort,0.1981981981981982,0.0
first_mentions_real_cohort,0.2072072072072072,0.0
first_mentions_real_cohort,0.21621621621621623,0.0
first_mentions_real_cohort,0.22522522522522523,0.0
first_mentions_real_cohort,0.23423423423423423,0.0
first_mentions_real_cohort,0.24324324324324326,0.0
first_mentions_real_cohort,0.25225225225225223,0.0
first_mentions_real_cohort,0.26126126126126126,0.0
first_mentions_real_cohort,0.2702702702702703,0.0
first_mentions_real_cohort,0.27927927927927926,0.0
first_mentions_real_cohort,0.2882882882882883,0.0
first_mentions_real_cohort,0.2972972972972973,0.0
first_mentions_real_cohort,0.3063063063063063,0.0
first_mentions_real_cohort,0.3153153153153153,0.0
first_mentions_real_cohort,0.32432432432432434,0.0
first_mentions_real_cohort,0.3333333333333333,0.0
first_mentions_real_cohort,0.34234234234234234,0.0
first_mentions_real_cohort,0.35135135135135137,0.0
first_mentions_real_cohort,0.36036036036036034,0.0
first_mentions_real_cohort,0.36936936936936937,0.0
first_mentions_real_cohort,0.3783783783783784,0.0
first_mentions_real_cohort,0.38738738738738737,0.0
first_mentions_real_cohort,0.3963963963963964,0.0
first_mentions_real_cohort,0.40540540540540543,0.0
first_mentions_real_cohort,0.4144144144144144,0.0
first_mentions_real_cohort,0.42342342342342343,0.0
first_mentions_real_cohort,0.43243243243243246,0.0
first_mentions_real_cohort,0.44144144144144143,0.0
first_mentions_real_cohort,0.45045045045045046,0.0
first_mentions_real_cohort,0.4594594594594595,0.0
first_mentions_real_cohort,0.46846846846846846,0.0
first_mentions_real_cohort,0.4774774774774775,0.0
first_mentions_real_cohort,0.4864864864864865,0.0
first_mentions_real_cohort,0.4954954954954955,0.0
first_mentions_real_cohort,0.5045045045045045,0.0
first_mentions_real_cohort,0.5135135135135135,0.0
first_mentions_real_cohort,0.5225225225225225,0.0
first_mentions_real_cohort,0.5315315315315315,0.0
first_mentions_real_cohort,0.5405405405405406,0.0
first_mentions_real_cohort,0.5495495495495496,0.0
first_mentions_real_cohort,0.5585585585585585,0.0
first_mentions_real_cohort,0.5675675675675675,0.0
first_mentions_real_cohort,0.5765765765765766,0.0
first_mentions_real_cohort,0.5855855855855856,0.0
first_mentions_real_cohort,0.5945945945945946,0.0
first_mentions_real_cohort,0.6036036036036037,0.0
first_mentions_real_cohort,0.6126126126126126,0.0
first_mentions_real_cohort,0.6216216216216216,0.0
first_mentions_real_cohort,0.6306306306306306,8.110957904128478e-05
first_mentions_real_cohort,0.6396396396396397,0.00016221915808256956
first_mentions_real_cohort,0.6486486486486487,0.0003244383161651391
first_mentions_real_cohort,0.6576576576576577,0.00048665747424770864
first_mentions_real_cohort,0.6666666666666666,0.0006488766323302783
first_mentions_real_cohort,0.6756756756756757,0.0008110957904128478
first_mentions_real_cohort,0.6846846846846847,0.001054424527536702
first_mentions_real_cohort,0.6936936936936937,0.0012977532646605565
first_mentions_real_cohort,0.7027027027027027,0.0015410820017844108
first_mentions_real_cohort,0.7117117117117117,0.001784410738908265
first_mentions_real_cohort,0.7207207207207207,0.002108849055073404
first_mentions_real_cohort,0.7297297297297297,0.002433287371238543
first_mentions_real_cohort,0.7387387387387387,0.0030821640035688215
first_mentions_real_cohort,0.7477477477477478,0.0037310406358990996
first_mentions_real_cohort,0.7567567567567568,0.004947684321518371
first_mentions_real_cohort,0.7657657657657657,0.006245437586178928
first_mentions_real_cohort,0.7747747747747747,0.008516505799334901
first_mentions_real_cohort,0.7837837837837838,0.011598669802903723
first_mentions_real_cohort,0.7927927927927928,0.015410820017844107
first_mentions_real_cohort,0.8018018018018018,0.02019628518127991
first_mentions_real_cohort,0.8108108108108109,0.025062859923756994
first_mentions_real_cohort,0.8198198198198198,0.030091653824316653
first_mentions_real_cohort,0.8288288288288288,0.035201557303917594
first_mentions_real_cohort,0.8378378378378378,0.0404736799416011
first_mentions_real_cohort,0.8468468468468469,0.0458269121583259
first_mentions_real_cohort,0.8558558558558559,0.051423473112174545
first_mentions_real_cohort,0.8648648648648649,0.05734447238218834
first_mentions_real_cohort,0.8738738738738738,0.06375212912644983
first_mentions_real_cohort,0.8828828828828829,0.07024089544975262
first_mentions_real_cohort,0.8918918918918919,0.07851407251196366
first_mentions_real_cohort,0.9009009009009009,0.09230270094898207
first_mentions_real_cohort,0.9099099099099099,0.10738908265066105
first_mentions_real_cohort,0.918918918918919,0.12425987509124828
first_mentions_real_cohort,0.9279279279279279,0.1412117771108768
first_mentions_real_cohort,0.9369369369369369,0.15840700786762918
first_mentions_real_cohort,0.9459459459459459,0.1863898126368724
first_mentions_real_cohort,0.954954954954955,0.2301889853191662
first_mentions_real_cohort,0.963963963963964,0.27780030821640034
first_mentions_real_cohort,0.972972972972973,0.3437423959769649
first_mentions_real_cohort,0.9819819819819819,0.4577824641090113
first_mentions_real_cohort,0.990990990990991,0.6273014843052964
first_mentions_real_cohort,1.0,1.0
