rank,name,vertical,group,tier,legal_status,origin,founded_year,region,mentions,share_of_mentions,cum_share_of_mentions,first_mentions,share_of_first_mentions,obs_in_vertical,coverage_rate,never_named
1,Nubank,fintech,BR,head,active,BR,2013.0,SP,4605.0,0.2416434905808889,0.2416434905808889,4595,0.3726985156947035,17225,0.26734397677793903,0
2,Mercado Livre,varejo,BR,head,active,BR,1999.0,SP,2370.0,0.12436375085270504,0.366007241433594,2090,0.16951902019628518,17204,0.1377586607765636,0
3,Magazine Luiza,varejo,BR,head,active,BR,1957.0,SP,2030.0,0.10652253765020728,0.4725297790838012,1406,0.1140400681320464,17204,0.11799581492676121,0
4,Totvs,tecnologia,BR,head,active,BR,1969.0,SP,897.0,0.04706931836070735,0.5195990974445086,813,0.06594208776056452,17049,0.052613056484251276,0
5,Hypera Pharma,saude,BR,torso,active,BR,2001.0,SP,778.0,0.04082489373983313,0.5604239911843417,540,0.04379917268229378,17146,0.04537501458066021,0
6,EMS Pharma,saude,BR,torso,active,BR,1964.0,SP,768.0,0.04030015217505378,0.6007241433593955,587,0.047611322897234166,17146,0.04479178817216844,0
7,Americanas,varejo,BR,head,judicial_recovery,BR,1929.0,RJ,638.0,0.03347851183292229,0.6342026551923178,209,0.01695190201962852,17204,0.0370843989769821,0
8,C6 Bank,fintech,BR,torso,active,BR,2018.0,SP,549.0,0.028808311906386105,0.6630109670987039,8,0.0006488766323302783,17225,0.031872278664731496,0
9,PicPay,fintech,BR,torso,active,BR,2012.0,ES,472.0,0.02476780185758514,0.687778768956289,0,0.0,17225,0.027402031930333817,0
10,Banco Inter,fintech,BR,head,active,BR,1994.0,MG,417.0,0.021881723251298734,0.7096604922075878,0,0.0,17225,0.02420899854862119,0
11,Bradesco,fintech,BR,head,active,BR,1943.0,SP,364.0,0.0191005929579682,0.7287610851655559,3,0.00024332873712385432,17225,0.021132075471698115,0
12,Involves,tecnologia,BR,long_tail,active,BR,2008.0,SC,345.0,0.018103583984887442,0.7468646691504434,345,0.02798280476924325,17049,0.02023579095548126,0
13,Amazon Brasil,varejo,BR,head,active,BR,2012.0,SP,326.0,0.017106575011806686,0.76397124416225,2,0.00016221915808256956,17204,0.018949081608928157,0
14,Amazon,varejo,anchor,head,active,US,1994.0,,321.0,0.01684420422941701,0.780815448391667,0,0.0,17204,0.018658451522901652,0
15,Eurofarma,saude,BR,torso,active,BR,1972.0,SP,303.0,0.015899669412814187,0.7967151178044812,60,0.004866574742477086,17146,0.01767176017730083,0
16,Microsoft,tecnologia,anchor,head,active,US,1975.0,,267.0,0.014010599779608543,0.8107257175840897,170,0.013788628437018412,17049,0.015660742565546365,0
17,Walmart,varejo,anchor,head,active,US,1962.0,,261.0,0.013695754840740934,0.8244214724248307,208,0.016870792440587232,17204,0.015170890490583585,0
18,Mercado Pago,fintech,BR,head,active,BR,2004.0,SP,251.0,0.01317101327596159,0.8375924857007923,0,0.0,17225,0.014571843251088535,0
19,Movile,tecnologia,BR,torso,active,BR,1998.0,SP,246.0,0.012908642493571916,0.8505011281943642,79,0.006407656744261497,17049,0.014428998768256202,0
20,Accenture,tecnologia,anchor,head,active,IE,1989.0,,244.0,0.012803694180616047,0.8633048223749802,212,0.01719523075675237,17049,0.01431168983518095,0
21,Google,tecnologia,anchor,head,active,US,1998.0,,235.0,0.012331426772314635,0.8756362491472949,73,0.005920999270013789,17049,0.013783799636342308,0
22,PagBank,fintech,BR,head,active,BR,2006.0,SP,187.0,0.009812667261373774,0.8854489164086686,2,0.00016221915808256956,17225,0.010856313497822932,0
23,Sírio-Libanês,saude,BR,head,active,BR,1921.0,SP,186.0,0.009760193104895839,0.8952091095135645,186,0.015086381701678968,17146,0.010848011197947044,0
24,Casas Bahia,varejo,BR,head,active,BR,1952.0,SP,173.0,0.009078029070682688,0.9042871385842471,2,0.00016221915808256956,17204,0.01005580097651709,0
25,iFood,tecnologia,BR,head,active,BR,2011.0,SP,139.0,0.007293907750432912,0.9115810463346801,28,0.0022710682131559736,17049,0.00815297084873013,0
26,Pfizer,saude,anchor,head,active,US,1849.0,,137.0,0.007188959437477042,0.9187700057721571,59,0.004785465163435801,17146,0.007990201796337339,0
27,Itaú,fintech,BR,head,active,BR,1945.0,SP,122.0,0.006401847090308024,0.9251718528624651,4,0.0003244383161651391,17225,0.007082728592162554,0
28,Novartis,saude,anchor,head,active,CH,1996.0,,122.0,0.006401847090308024,0.9315736999527731,66,0.0053532322167247955,17146,0.007115362183599674,0
29,Oracle,tecnologia,anchor,head,active,US,1977.0,,121.0,0.006349372933830089,0.9379230728866031,3,0.00024332873712385432,17049,0.007097190451052848,0
30,Raia Drogasil,saude,BR,head,active,BR,2011.0,SP,104.0,0.005457312273705201,0.9433803851603083,102,0.008273177062211047,17146,0.006065554648314476,0
31,Stefanini,tecnologia,BR,head,active,BR,1987.0,SP,95.0,0.004985044865403789,0.948365430025712,65,0.005272122637683511,17049,0.00557217432107455,0
32,Aché Laboratórios,saude,BR,torso,active,BR,1966.0,SP,93.0,0.0048800965524479194,0.95324552657816,16,0.0012977532646605565,17146,0.005424005598973522,0
33,Fleury,saude,BR,head,active,BR,1926.0,SP,93.0,0.0048800965524479194,0.9581256231306079,80,0.006488766323302782,17146,0.005424005598973522,0
34,Renner,varejo,BR,head,active,BR,1912.0,RS,84.0,0.0044078291441465075,0.9625334522747544,69,0.00559656095384865,17204,0.004882585445245292,0
35,Locaweb,tecnologia,BR,torso,active,BR,1998.0,SP,81.0,0.004250406674712704,0.9667838589494671,63,0.005109903479600941,17049,0.004751011789547774,0
36,SAP,tecnologia,anchor,head,active,DE,1972.0,,80.0,0.004197932518234769,0.9709817914677018,47,0.0038121502149403843,17049,0.004692357323010148,0
37,CI&T,tecnologia,BR,head,active,BR,1995.0,SP,72.0,0.0037781392664112926,0.974759930734113,1,8.110957904128478e-05,17049,0.0042231215907091325,0
38,Dasa,saude,BR,head,active,BR,1961.0,SP,67.0,0.0035157684840216195,0.9782756992181346,62,0.0050287939005596565,17146,0.003907616936894903,0
39,Agibank,fintech,BR,long_tail,active,BR,1999.0,RS,53.0,0.002781130293330535,0.9810568295114651,3,0.00024332873712385432,17225,0.003076923076923077,0
40,Hapvida,saude,BR,head,active,BR,1993.0,CE,51.0,0.0026761819803746653,0.9837330114918398,38,0.0030821640035688215,17146,0.0029744546833080604,0
41,BTG Pactual,fintech,BR,head,active,BR,1983.0,SP,36.0,0.0018890696332056463,0.9856220811250455,0,0.0,17225,0.0020899854862119014,0
42,AliExpress,varejo,anchor,head,active,CN,2010.0,,34.0,0.001784121320249777,0.9874062024452952,0,0.0,17204,0.001976284584980237,0
43,IBM Brasil,tecnologia,BR,head,active,BR,1917.0,SP,30.0,0.0015742246943380386,0.9889804271396332,15,0.0012166436856192715,17049,0.0017596339961288051,0
44,Shein,varejo,anchor,head,active,CN,2008.0,,27.0,0.0014168022249042348,0.9903972293645374,0,0.0,17204,0.0015694024645431296,0
45,Roche,saude,anchor,head,active,CH,1896.0,,24.0,0.0012593797554704307,0.9916566091200079,2,0.00016221915808256956,17146,0.0013997433803802637,0
46,Vtex,tecnologia,BR,head,active,BR,1999.0,RJ,24.0,0.0012593797554704307,0.9929159888754783,0,0.0,17049,0.0014077071969030442,0
47,eBay,varejo,anchor,head,active,US,1995.0,,16.0,0.0008395865036469539,0.9937555753791252,0,0.0,17204,0.0009300162752848175,0
48,Will Bank,fintech,BR,long_tail,active,BR,2017.0,SP,15.0,0.0007871123471690193,0.9945426877262942,0,0.0,17225,0.0008708272859216256,0
49,Unimed,saude,BR,head,active,BR,1967.0,SP,14.0,0.0007346381906910847,0.9952773259169853,3,0.00024332873712385432,17146,0.0008165169718884871,0
50,XP Investimentos,fintech,BR,head,active,BR,2001.0,RJ,13.0,0.0006821640342131501,0.9959594899511984,0,0.0,17225,0.0007547169811320754,0
51,SulAmérica Saúde,saude,BR,torso,active,BR,1895.0,RJ,12.0,0.0006296898777352154,0.9965891798289337,0,0.0,17146,0.0006998716901901318,0
52,CloudWalk,fintech,BR,long_tail,active,BR,2013.0,SP,11.0,0.0005772157212572807,0.9971663955501909,0,0.0,17225,0.0006386066763425254,0
53,NotreDame Intermédica,saude,BR,head,active,BR,1968.0,SP,10.0,0.0005247415647793461,0.9976911371149703,0,0.0,17146,0.0005832264084917765,0
54,TCS,tecnologia,anchor,head,active,IN,1968.0,,9.0,0.00047226740830141157,0.9981634045232717,0,0.0,17049,0.0005278901988386416,0
55,Target,varejo,anchor,head,active,US,1902.0,,8.0,0.00041979325182347696,0.9985831977750952,8,0.0006488766323302783,17204,0.00046500813764240875,0
56,Tivit,tecnologia,BR,torso,active,BR,1998.0,SP,8.0,0.00041979325182347696,0.9990029910269187,0,0.0,17049,0.0004692357323010147,0
57,Grupo Boticário,varejo,BR,torso,active,BR,1977.0,PR,4.0,0.00020989662591173848,0.9992128876528305,0,0.0,17204,0.00023250406882120437,0
58,Rede D'Or,saude,BR,head,active,BR,1977.0,RJ,4.0,0.00020989662591173848,0.9994227842787422,4,0.0003244383161651391,17146,0.00023329056339671062,0
59,Dock,fintech,BR,long_tail,active,BR,2014.0,SP,2.0,0.00010494831295586924,0.999527732591698,0,0.0,17225,0.00011611030478955007,0
60,Sinqia,tecnologia,BR,long_tail,active,BR,1996.0,SP,2.0,0.00010494831295586924,0.9996326809046538,0,0.0,17049,0.00011730893307525368,0
61,Wise,fintech,anchor,head,active,UK,2011.0,,2.0,0.00010494831295586924,0.9997376292176097,1,8.110957904128478e-05,17225,0.00011611030478955007,0
62,Netshoes,varejo,BR,torso,active,BR,2000.0,SP,1.0,5.247415647793462e-05,0.9997901033740876,0,0.0,17204,5.812601720530109e-05,0
63,Petz,varejo,BR,long_tail,active,BR,2002.0,SP,1.0,5.247415647793462e-05,0.9998425775305655,0,0.0,17204,5.812601720530109e-05,0
64,Riachuelo,varejo,BR,torso,active,BR,1947.0,RN,1.0,5.247415647793462e-05,0.9998950516870434,0,0.0,17204,5.812601720530109e-05,0
65,Salesforce,tecnologia,anchor,head,active,US,1999.0,,1.0,5.247415647793462e-05,0.9999475258435213,0,0.0,17049,5.865446653762684e-05,0
66,Stone Co,fintech,BR,head,active,BR,2012.0,SP,1.0,5.247415647793462e-05,0.9999999999999992,0,0.0,17225,5.8055152394775034e-05,0
67,Accenture Brasil,tecnologia,BR,head,active,BR,1989.0,SP,0.0,0.0,0.9999999999999992,0,0.0,17049,0.0,1
68,Alliar,saude,BR,long_tail,active,BR,2011.0,SP,0.0,0.0,0.9999999999999992,0,0.0,17146,0.0,1
69,Amil,saude,BR,torso,active,BR,1978.0,RJ,0.0,0.0,0.9999999999999992,0,0.0,17146,0.0,1
70,Banco Aurora,fintech,decoy,,,,,,0.0,0.0,0.9999999999999992,0,0.0,17225,0.0,1
71,Banco Floresta Digital,fintech,decoy,,,,,,0.0,0.0,0.9999999999999992,0,0.0,17225,0.0,1
72,Banco Neon,fintech,BR,torso,active,BR,2016.0,SP,0.0,0.0,0.9999999999999992,0,0.0,17225,0.0,1
73,Banco Safra,fintech,BR,torso,active,BR,1955.0,SP,0.0,0.0,0.9999999999999992,0,0.0,17225,0.0,1
74,C&A Brasil,varejo,BR,torso,active,BR,1976.0,SP,0.0,0.0,0.9999999999999992,0,0.0,17204,0.0,1
75,Centauro,varejo,BR,torso,active,BR,1981.0,SP,0.0,0.0,0.9999999999999992,0,0.0,17204,0.0,1
76,Chime,fintech,anchor,head,active,US,2012.0,,0.0,0.0,0.9999999999999992,0,0.0,17225,0.0,1
77,Cielo,fintech,BR,head,active,BR,1995.0,SP,0.0,0.0,0.9999999999999992,0,0.0,17225,0.0,1
78,Clínica Horizonte Digital,saude,decoy,,,,,,0.0,0.0,0.9999999999999992,0,0.0,17146,0.0,1
79,ClínicaVita,saude,decoy,,,,,,0.0,0.0,0.9999999999999992,0,0.0,17146,0.0,1
80,Conta Azul,tecnologia,BR,long_tail,active,BR,2012.0,SC,0.0,0.0,0.9999999999999992,0,0.0,17049,0.0,1
81,Dafiti,varejo,BR,long_tail,active,BR,2011.0,SP,0.0,0.0,0.9999999999999992,0,0.0,17204,0.0,1
82,DataBridge Brasil,tecnologia,decoy,,,,,,0.0,0.0,0.9999999999999992,0,0.0,17049,0.0,1
83,DataCore Brasil,tecnologia,decoy,,,,,,0.0,0.0,0.9999999999999992,0,0.0,17049,0.0,1
84,FinPay Solutions,fintech,decoy,,,,,,0.0,0.0,0.9999999999999992,0,0.0,17225,0.0,1
85,Globant Brasil,tecnologia,BR,torso,active,BR,2003.0,SP,0.0,0.0,0.9999999999999992,0,0.0,17049,0.0,1
86,Grupo Pão de Açúcar,varejo,BR,head,active,BR,1948.0,SP,0.0,0.0,0.9999999999999992,0,0.0,17204,0.0,1
87,HCA Healthcare,saude,anchor,head,active,US,1968.0,,0.0,0.0,0.9999999999999992,0,0.0,17146,0.0,1
88,HealthTech Brasil,saude,decoy,,,,,,0.0,0.0,0.9999999999999992,0,0.0,17146,0.0,1
89,Hermes Pardini,saude,BR,long_tail,active,BR,1959.0,MG,0.0,0.0,0.9999999999999992,0,0.0,17146,0.0,1
90,Hospital Einstein,saude,BR,head,active,BR,1955.0,SP,0.0,0.0,0.9999999999999992,0,0.0,17146,0.0,1
91,IKEA,varejo,anchor,head,active,SE,1943.0,,0.0,0.0,0.9999999999999992,0,0.0,17204,0.0,1
92,Infosys,tecnologia,anchor,head,active,IN,1981.0,,0.0,0.0,0.9999999999999992,0,0.0,17049,0.0,1
93,Kaiser Permanente,saude,anchor,head,active,US,1945.0,,0.0,0.0,0.9999999999999992,0,0.0,17146,0.0,1
94,Klarna,fintech,anchor,head,active,SE,2005.0,,0.0,0.0,0.9999999999999992,0,0.0,17225,0.0,1
95,Leroy Merlin Brasil,varejo,BR,torso,active,BR,1998.0,SP,0.0,0.0,0.9999999999999992,0,0.0,17204,0.0,1
96,Linx S.A.,tecnologia,BR,torso,active,BR,1985.0,SP,0.0,0.0,0.9999999999999992,0,0.0,17049,0.0,1
97,M Dias Branco,varejo,BR,long_tail,active,BR,1953.0,CE,0.0,0.0,0.9999999999999992,0,0.0,17204,0.0,1
98,Madeira Madeira,varejo,BR,long_tail,active,BR,2008.0,PR,0.0,0.0,0.9999999999999992,0,0.0,17204,0.0,1
99,Mandic,tecnologia,BR,long_tail,active,BR,1995.0,SP,0.0,0.0,0.9999999999999992,0,0.0,17049,0.0,1
100,Mayo Clinic,saude,anchor,head,active,US,1889.0,,0.0,0.0,0.9999999999999992,0,0.0,17146,0.0,1
101,MegaStore Brasil,varejo,decoy,,,,,,0.0,0.0,0.9999999999999992,0,0.0,17204,0.0,1
102,MercadoPlus Brasil,varejo,decoy,,,,,,0.0,0.0,0.9999999999999992,0,0.0,17204,0.0,1
103,Mobly,varejo,BR,long_tail,active,BR,2011.0,SP,0.0,0.0,0.9999999999999992,0,0.0,17204,0.0,1
104,Monzo,fintech,anchor,head,active,UK,2015.0,,0.0,0.0,0.9999999999999992,0,0.0,17225,0.0,1
105,N26,fintech,anchor,head,active,DE,2013.0,,0.0,0.0,0.9999999999999992,0,0.0,17225,0.0,1
106,NHS,saude,anchor,head,active,UK,1948.0,,0.0,0.0,0.9999999999999992,0,0.0,17146,0.0,1
107,Netfarma,varejo,BR,long_tail,active,BR,1999.0,SP,0.0,0.0,0.9999999999999992,0,0.0,17204,0.0,1
108,NeuralMed,tecnologia,BR,long_tail,active,BR,2017.0,SP,0.0,0.0,0.9999999999999992,0,0.0,17049,0.0,1
109,Oncoclínicas,saude,BR,long_tail,active,BR,2010.0,SP,0.0,0.0,0.9999999999999992,0,0.0,17146,0.0,1
110,PagFast,fintech,decoy,,,,,,0.0,0.0,0.9999999999999992,0,0.0,17225,0.0,1
111,Porto Saúde,saude,BR,long_tail,active,BR,1988.0,SP,0.0,0.0,0.9999999999999992,0,0.0,17146,0.0,1
112,Prevent Senior,saude,BR,long_tail,active,BR,1997.0,SP,0.0,0.0,0.9999999999999992,0,0.0,17146,0.0,1
113,RD Station,tecnologia,BR,torso,active,BR,2011.0,SC,0.0,0.0,0.9999999999999992,0,0.0,17049,0.0,1
114,Revolut,fintech,anchor,head,active,UK,2015.0,,0.0,0.0,0.9999999999999992,0,0.0,17225,0.0,1
115,Robinhood,fintech,anchor,head,active,US,2013.0,,0.0,0.0,0.9999999999999992,0,0.0,17225,0.0,1
116,SambaTech,tecnologia,BR,long_tail,active,BR,2004.0,MG,0.0,0.0,0.9999999999999992,0,0.0,17049,0.0,1
117,SaúdeAgora,saude,decoy,,,,,,0.0,0.0,0.9999999999999992,0,0.0,17146,0.0,1
118,Semantix,tecnologia,BR,long_tail,active,BR,2010.0,SP,0.0,0.0,0.9999999999999992,0,0.0,17049,0.0,1
119,ShopNova Digital,varejo,decoy,,,,,,0.0,0.0,0.9999999999999992,0,0.0,17204,0.0,1
120,Shopee Brasil,varejo,BR,head,active,BR,2019.0,SP,0.0,0.0,0.9999999999999992,0,0.0,17204,0.0,1
121,SoFi,fintech,anchor,head,active,US,2011.0,,0.0,0.0,0.9999999999999992,0,0.0,17225,0.0,1
122,Swap,fintech,BR,long_tail,active,BR,2019.0,SP,0.0,0.0,0.9999999999999992,0,0.0,17225,0.0,1
123,TechBridge BR,tecnologia,decoy,,,,,,0.0,0.0,0.9999999999999992,0,0.0,17049,0.0,1
124,TechNova Solutions,tecnologia,decoy,,,,,,0.0,0.0,0.9999999999999992,0,0.0,17049,0.0,1
125,UnitedHealth,saude,anchor,head,active,US,1977.0,,0.0,0.0,0.9999999999999992,0,0.0,17146,0.0,1
126,VareJo Express,varejo,decoy,,,,,,0.0,0.0,0.9999999999999992,0,0.0,17204,0.0,1
127,Zalando,varejo,anchor,head,active,DE,2008.0,,0.0,0.0,0.9999999999999992,0,0.0,17204,0.0,1
