panel_rule,vertical,entity,mentions,panel_observations,coverage,prominence,breadth,gci,geometric,arithmetic,harmonic,weighted,rank_gci,rank_coverage,abs_rank_shift
series,fintech,Nubank,4605,17225,0.26734397677793903,0.5161378935939197,1.0,0.5167478951977883,0.5167478951977883,0.5944939567906196,0.4492385725339871,0.43944085946524336,1,1,0
series,varejo,Mercado Livre,2370,17204,0.1377586607765636,0.5593818565400843,1.0,0.42554199900848166,0.42554199900848166,0.5657135057722159,0.2986037493349876,0.3725006606009592,2,2,0
series,varejo,Magazine Luiza,2030,17204,0.11799581492676121,0.4950985221674877,1.0,0.3880187789653904,0.3880187789653904,0.5376981123647496,0.260990372957751,0.34457211949792865,3,3,0
series,saude,EMS Pharma,768,17146,0.04479178817216844,0.5052473958333333,0.8333333333333334,0.2661789736261326,0.2661789736261326,0.4611241724462784,0.11762515174555757,0.2781869218616344,4,6,2
series,tecnologia,Totvs,897,17049,0.052613056484251276,0.38054626532887403,0.6666666666666666,0.2372119584521516,0.2372119584521516,0.36660866282659726,0.12967651138613645,0.22670440022276928,5,4,1
series,fintech,C6 Bank,549,17225,0.031872278664731496,0.4796357012750455,0.8333333333333334,0.233550673094088,0.233550673094088,0.44828043775770343,0.0865547486987339,0.2640322925176003,6,8,2
series,varejo,Americanas,638,17204,0.0370843989769821,0.3428526645768025,1.0,0.23339932262691923,0.23339932262691923,0.4599790211845949,0.09714326901450913,0.2579638055303899,7,7,0
series,saude,Hypera Pharma,778,17146,0.04537501458066021,0.38221079691516713,0.6666666666666666,0.22612200269094315,0.22612200269094315,0.3647508260541647,0.1147011829938892,0.2227777079771879,8,5,3
series,fintech,Banco Inter,417,17225,0.02420899854862119,0.4502398081534772,0.8333333333333334,0.208647486047085,0.208647486047085,0.4359273800118106,0.06707209054823961,0.25208535116754205,9,10,1
series,fintech,PicPay,472,17225,0.027402031930333817,0.4633156779661017,0.6666666666666666,0.2037931122752532,0.2037931122752532,0.3857947921877007,0.07471607947058308,0.23227013864972568,10,9,1
series,tecnologia,Involves,345,17049,0.02023579095548126,0.6961449275362318,0.5,0.19168874640240555,0.19168874640240555,0.4054602394972377,0.05676026721492252,0.2611777064573467,11,12,1
series,saude,Eurofarma,303,17146,0.01767176017730083,0.32222772277227724,0.6666666666666666,0.1559973248071948,0.1559973248071948,0.3355220498720815,0.04902693461034075,0.1911599867994498,12,15,3
series,varejo,Amazon Brasil,326,17204,0.018949081608928157,0.3782208588957055,0.5,0.1530269359030443,0.1530269359030443,0.29905664683487787,0.052249366616046795,0.18092466368928328,13,13,0
series,varejo,Amazon,321,17204,0.018658451522901652,0.38169781931464175,0.5,0.15270564575954618,0.15270564575954618,0.30011875694584783,0.0515332082195309,0.18161952574240142,14,14,0
series,fintech,Bradesco,364,17225,0.021132075471698115,0.27490384615384617,0.5,0.14268040206624907,0.14268040206624907,0.26534530720851474,0.05664752673618621,0.1564052068214804,15,11,4
series,tecnologia,Microsoft,267,17049,0.015660742565546365,0.2797191011235955,0.5,0.12986780282673568,0.12986780282673568,0.26512661456304726,0.043209642399159934,0.15432622082022668,16,16,0
series,fintech,Mercado Pago,251,17225,0.014571843251088535,0.43298804780876493,0.3333333333333333,0.12812180491310926,0.12812180491310926,0.2602977414643956,0.04057616499836547,0.16699011790284435,17,18,1
series,tecnologia,Google,235,17049,0.013783799636342308,0.2618936170212766,0.5,0.12175532282730665,0.12175532282730665,0.25855913888587295,0.03828128246845506,0.14874368403712454,18,21,3
series,varejo,Casas Bahia,173,17204,0.01005580097651709,0.23898843930635838,0.6666666666666666,0.11701299652468647,0.11701299652468647,0.3052369689831807,0.028536263870769837,0.16578059041249985,19,24,5
series,fintech,PagBank,187,17225,0.010856313497822932,0.4247593582887701,0.3333333333333333,0.11540767515607896,0.11540767515607896,0.2563163350399755,0.03077978313046987,0.16270362767088628,20,22,2
series,tecnologia,Accenture,244,17049,0.01431168983518095,0.29920081967213114,0.3333333333333333,0.1125928502452269,0.1125928502452269,0.2156152809468818,0.039362233334226185,0.13338721881914134,21,20,1
series,saude,Sírio-Libanês,186,17146,0.010848011197947044,0.26099462365591397,0.5,0.11228383313579024,0.11228383313579024,0.2572808782846203,0.030607781081491862,0.14675746263274672,22,23,1
series,tecnologia,Movile,246,17049,0.014428998768256202,0.24680894308943088,0.3333333333333333,0.10588276600085508,0.10588276600085508,0.19819042506367346,0.039289337045031555,0.12035963503331143,23,19,4
series,saude,Raia Drogasil,104,17146,0.006065554648314476,0.3879326923076923,0.5,0.1055680018759336,0.1055680018759336,0.2979994156520023,0.0177050531438951,0.17562250586591177,24,30,6
series,varejo,Renner,84,17204,0.004882585445245292,0.3498214285714286,0.6666666666666666,0.10442432276602466,0.10442432276602466,0.34045689356111347,0.014342529474980586,0.19038490841000433,25,34,9
series,tecnologia,Stefanini,95,17049,0.00557217432107455,0.3965263157894737,0.5,0.1033765984687509,0.1033765984687509,0.3006994967035161,0.016305671898797804,0.17747488354001317,26,31,5
series,tecnologia,iFood,139,17049,0.00815297084873013,0.19841726618705036,0.6666666666666666,0.10254977157638505,0.10254977157638505,0.2910789679008157,0.02322079191718429,0.15449609905600065,27,25,2
series,saude,Pfizer,137,17146,0.007990201796337339,0.24711678832116787,0.5,0.09957339947359657,0.09957339947359657,0.25170233003916836,0.022865861624644983,0.14157331815809437,28,26,2
series,saude,Novartis,122,17146,0.007115362183599674,0.23467213114754099,0.5,0.09416210912607002,0.09416210912607002,0.2472624977770469,0.02043565436207253,0.13793725009704505,29,27,2
series,fintech,Itaú,122,17225,0.007082728592162554,0.2224590163934426,0.5,0.09235779143565594,0.09235779143565594,0.2431805816618684,0.020313679146022355,0.13486439125365818,30,29,1
series,varejo,Walmart,261,17204,0.015170890490583585,0.3105172413793103,0.16666666666666666,0.09225328664981787,0.09225328664981787,0.1641182661788535,0.039927522546920786,0.11173184463917772,31,17,14
series,saude,Hapvida,51,17146,0.0029744546833080604,0.45656862745098037,0.5,0.08789438716381612,0.08789438716381612,0.3198476940447628,0.008813514934465996,0.19092682967272992,32,40,8
series,saude,Fleury,93,17146,0.005424005598973522,0.36575268817204304,0.3333333333333333,0.08712219333060042,0.08712219333060042,0.23483667570144995,0.01578119442938022,0.14469257540239486,33,32,1
series,saude,Dasa,67,17146,0.003907616936894903,0.48089552238805966,0.3333333333333333,0.08556191326123012,0.08556191326123012,0.2727121575527626,0.01149469762073877,0.17256845075915186,34,38,4
series,saude,Aché Laboratórios,93,17146,0.005424005598973522,0.2293548387096774,0.5,0.08536228138035595,0.08536228138035595,0.24492628143621697,0.01572939998820111,0.13559311303680346,35,33,2
series,tecnologia,Oracle,121,17049,0.007097190451052848,0.18727272727272729,0.3333333333333333,0.0762336264975928,0.0762336264975928,0.17590108368570448,0.020101764206827362,0.10107649608881353,36,28,8
series,tecnologia,SAP,80,17049,0.004692357323010148,0.2761875,0.3333333333333333,0.07559468821156719,0.07559468821156719,0.20473773021878117,0.013652919124412459,0.12186228939380608,37,36,1
series,tecnologia,Locaweb,81,17049,0.004751011789547774,0.25320987654320987,0.3333333333333333,0.07374204292075118,0.07374204292075118,0.19709807388869702,0.013797494888986187,0.11615307620953114,38,35,3
series,tecnologia,CI&T,72,17049,0.0042231215907091325,0.28604166666666664,0.16666666666666666,0.058609841248703165,0.058609841248703165,0.1523104849746808,0.01218087820464876,0.09904428962109213,39,37,2
series,fintech,Agibank,53,17225,0.003076923076923077,0.3261320754716981,0.16666666666666666,0.055095944729242896,0.055095944729242896,0.16529188840509593,0.008980254869175412,0.10837917271407836,40,39,1
series,varejo,AliExpress,34,17204,0.001976284584980237,0.20838235294117646,0.3333333333333333,0.0515857467818533,0.0515857467818533,0.18123065695316334,0.005838860632399014,0.10328135898628225,41,42,1
series,varejo,Shein,27,17204,0.0015694024645431296,0.23555555555555555,0.3333333333333333,0.04976249447217279,0.04976249447217279,0.19015276378447732,0.0046552733739617,0.10983053036761475,42,44,2
series,fintech,BTG Pactual,36,17225,0.0020899854862119014,0.34652777777777777,0.16666666666666666,0.049420828809881336,0.049420828809881336,0.17176147664355212,0.0061556392598018555,0.11288593573617157,43,41,2
series,tecnologia,IBM Brasil,30,17049,0.0017596339961288051,0.38849999999999996,0.16666666666666666,0.048479043094359825,0.048479043094359825,0.18564210022093183,0.005200442361094533,0.12318078039767727,44,43,1
series,fintech,Will Bank,15,17225,0.0008708272859216256,0.30866666666666664,0.3333333333333333,0.04474729996091036,0.04474729996091036,0.21429027576197388,0.0025983630375219337,0.12768916303821964,45,48,3
series,saude,Unimed,14,17146,0.0008165169718884871,0.3125,0.3333333333333333,0.043977580044640675,0.043977580044640675,0.2155499501017406,0.002437212757067917,0.1286149101831331,46,49,3
series,varejo,eBay,16,17204,0.0009300162752848175,0.413125,0.16666666666666666,0.040007393554377435,0.040007393554377435,0.19357389431398384,0.002768368976258409,0.1288392597651709,47,47,0
series,fintech,XP Investimentos,13,17225,0.0007547169811320754,0.23923076923076922,0.3333333333333333,0.03918861977801764,0.03918861977801764,0.19110627318174486,0.0022519478262548634,0.11026052249637155,48,50,2
series,saude,SulAmérica Saúde,12,17146,0.0006998716901901318,0.3958333333333333,0.16666666666666666,0.03587510492600035,0.03587510492600035,0.18773329056339672,0.0020871603024551597,0.1243782563474474,49,51,2
series,tecnologia,Vtex,24,17049,0.0014077071969030442,0.19645833333333332,0.16666666666666666,0.03585451442900181,0.03585451442900181,0.12151090239896767,0.0041582050782208125,0.07495920765147515,50,45,5
series,saude,Rede D'Or,4,17146,0.00023329056339671062,0.56375,0.3333333333333333,0.03526042078459728,0.03526042078459728,0.29910554129891004,0.0006990931165679643,0.191077474338038,51,57,6
series,saude,NotreDame Intermédica,10,17146,0.0005832264084917765,0.4455,0.16666666666666666,0.035116499098013884,0.035116499098013884,0.20424996435838616,0.0017413061398597808,0.13672493584509507,52,53,1
series,saude,Roche,24,17146,0.0013997433803802637,0.18083333333333332,0.16666666666666666,0.03481169901454635,0.03481169901454635,0.11629991446012673,0.004132535251128751,0.07104817936156149,53,46,7
series,varejo,Target,8,17204,0.00046500813764240875,0.43500000000000005,0.16666666666666666,0.03230473527852373,0.03230473527852373,0.20071055826810302,0.0013896616626423272,0.13402900488258546,54,56,2
series,fintech,CloudWalk,11,17225,0.0006386066763425254,0.30363636363636365,0.16666666666666666,0.031852632328353,0.031852632328353,0.15698054565979094,0.0019045170333492646,0.10129225491489642,55,52,3
series,varejo,Grupo Boticário,4,17204,0.00023250406882120437,0.43374999999999997,0.16666666666666666,0.025615702159807317,0.025615702159807317,0.2002163902451626,0.000696167866737019,0.13357700244129272,56,58,2
series,tecnologia,Tivit,8,17049,0.0004692357323010147,0.21000000000000002,0.16666666666666666,0.025418682717912637,0.025418682717912637,0.12571196746632254,0.0014006341760297025,0.07778154143938061,57,55,2
series,tecnologia,TCS,9,17049,0.0005278901988386416,0.1711111111111111,0.16666666666666666,0.024692033256720092,0.024692033256720092,0.11276855599220548,0.0015738303578931112,0.06809451189708096,58,54,4
series,tecnologia,Sinqia,2,17049,0.00011730893307525368,0.375,0.16666666666666666,0.019426908771873194,0.019426908771873194,0.1805946585332473,0.0003515693665891912,0.11882038535984514,59,59,0
series,fintech,Stone Co,1,17225,5.8055152394775034e-05,0.505,0.16666666666666666,0.016969158220585364,0.016969158220585364,0.2239082406063538,0.0001740848051542891,0.15128483309143687,60,66,6
series,varejo,Petz,1,17204,5.812601720530109e-05,0.35,0.16666666666666666,0.015023200153138858,0.015023200153138858,0.17224159756129065,0.0001742883226823803,0.11253487561032317,61,63,2
series,fintech,Dock,2,17225,0.00011611030478955007,0.1725,0.16666666666666666,0.014945239234889097,0.014945239234889097,0.1130942589904854,0.00034785443552215554,0.06819466618287373,62,60,2
series,fintech,Wise,2,17225,0.00011611030478955007,0.11499999999999999,0.16666666666666666,0.013055869036409587,0.013055869036409587,0.09392759232381874,0.00034773756397237247,0.053819666182873725,63,61,2
series,tecnologia,Salesforce,1,17049,5.865446653762684e-05,0.10999999999999999,0.16666666666666666,0.010245052179594014,0.010245052179594014,0.09224177371106808,0.00017580778349005088,0.05253519267992257,64,62,2
series,varejo,Riachuelo,1,17204,5.812601720530109e-05,0.10499999999999998,0.16666666666666666,0.010057025198190647,0.010057025198190647,0.09057493089462398,0.00017422084566245404,0.051284875610323175,65,64,1
series,varejo,Netshoes,1,17204,5.812601720530109e-05,0.07499999999999996,0.16666666666666666,0.008990010377217876,0.008990010377217876,0.08057493089462398,0.00017418231081865688,0.04378487561032317,66,65,1
recency,fintech,Nubank,4271,13673,0.3123674394792657,0.5313872629360805,1.0,0.5495733094942418,0.5495733094942418,0.6145849008051154,0.4931594911112123,0.47026727942157953,1,1,0
recency,varejo,Mercado Livre,2236,13652,0.16378552593026663,0.5790295169946333,1.0,0.4560285934961246,0.4560285934961246,0.5809383476416333,0.33965186600225017,0.39302869480681835,2,2,0
recency,varejo,Magazine Luiza,1720,13652,0.1259888661002051,0.4676889534883721,1.0,0.3891315343865134,0.3891315343865134,0.531225939862859,0.2708710052611452,0.3425155580322161,3,3,0
recency,saude,EMS Pharma,761,13594,0.05598057966750037,0.5089618922470434,0.8,0.28353339287672685,0.28353339287672685,0.45498082397151457,0.14232767472386143,0.280828820862261,4,5,1
recency,tecnologia,Totvs,897,13497,0.06645921315847966,0.38054626532887403,0.8,0.2724901965053727,0.2724901965053727,0.41566849282911794,0.15852362409305948,0.2550120942273063,5,4,1
recency,fintech,C6 Bank,547,13673,0.040005850947122064,0.48111517367458867,0.8,0.24878308631495283,0.24878308631495283,0.44037367487390355,0.1059140720313901,0.26428230398692043,6,8,2
recency,varejo,Americanas,588,13652,0.04307061236448872,0.35333333333333333,1.0,0.24781174489885216,0.24781174489885216,0.465467981899274,0.11091444027903004,0.26417570075202657,7,6,1
recency,fintech,PicPay,472,13673,0.03452058802018577,0.4633156779661017,0.8,0.23389183225930596,0.23389183225930596,0.43261208866209583,0.09265958213972604,0.2565412723036369,8,9,1
recency,fintech,Banco Inter,413,13673,0.030205514517662548,0.45329297820823244,0.8,0.22208458013542734,0.22208458013542734,0.42783283090863167,0.08205102113660508,0.25144655326265564,9,10,1
recency,saude,Hypera Pharma,579,13594,0.04259232014123878,0.3789291882556131,0.6,0.21314748011874227,0.21314748011874227,0.34050716946561727,0.10797545115356186,0.21028768914864654,10,7,3
recency,saude,Eurofarma,303,13594,0.022289245255259674,0.32222772277227724,0.8,0.17910845349371496,0.17910845349371496,0.38150565600917896,0.06095320850117285,0.2139304778462251,11,14,3
recency,varejo,Amazon Brasil,326,13652,0.02387928508643422,0.3782208588957055,0.6,0.1756464388604932,0.1756464388604932,0.3340333813273799,0.06495204088678817,0.19888278577578689,12,12,0
recency,varejo,Amazon,321,13652,0.023513038382654557,0.38169781931464175,0.6,0.175277657578862,0.175277657578862,0.33507028589909876,0.06408047115869445,0.19953227785825317,13,13,0
recency,fintech,Bradesco,364,13673,0.0266218094053975,0.27490384615384617,0.6,0.1637532313736681,0.1637532313736681,0.30050855185308123,0.0699831053511781,0.17469904718170004,14,11,3
recency,tecnologia,Involves,172,13497,0.012743572645773135,0.6912790697674418,0.4,0.15217204114414015,0.15217204114414015,0.3680075474710716,0.03640002579643374,0.24046591102932433,15,23,8
recency,tecnologia,Microsoft,267,13497,0.019782173816403646,0.2797191011235955,0.6,0.1491817838480361,0.1491817838480361,0.29983375831333303,0.053770915279851436,0.17179907957074106,16,15,1
recency,fintech,Mercado Pago,251,13673,0.018357346595480144,0.43298804780876493,0.4,0.14704443819976615,0.14704443819976615,0.28378179813474835,0.05060418345438423,0.1792614199094793,17,17,0
recency,tecnologia,Google,235,13497,0.017411276579980737,0.2618936170212766,0.6,0.13986281323789201,0.13986281323789201,0.2931016312004191,0.04768031036909011,0.1659201702033076,18,20,2
recency,fintech,PagBank,187,13673,0.013676588897827836,0.4247593582887701,0.4,0.13245252647490907,0.13245252647490907,0.2794786490621993,0.03847538897879985,0.17439579291088922,19,22,3
recency,tecnologia,Accenture,244,13497,0.01807809142772468,0.29920081967213114,0.4,0.12933769481360477,0.12933769481360477,0.2390929703666186,0.04905342376373628,0.14564705977466758,20,19,1
recency,saude,Sírio-Libanês,186,13594,0.013682506988377226,0.26099462365591397,0.6,0.12891877299917767,0.12891877299917767,0.2915590435480971,0.03817562033158087,0.1634581601070048,21,21,0
recency,tecnologia,Movile,246,13497,0.018226272505001112,0.24680894308943088,0.4,0.12162968470211076,0.12162968470211076,0.221678405198144,0.04884595671802986,0.13263799927535838,22,18,4
recency,saude,Raia Drogasil,104,13594,0.00765043401500662,0.3879326923076923,0.6,0.12120798595610273,0.12120798595610273,0.3318610421075663,0.022229472012159527,0.19157343348592704,23,29,6
recency,tecnologia,iFood,139,13497,0.01029858487071201,0.19841726618705036,0.8,0.11780100628470985,0.11780100628470985,0.33623861701925417,0.02901617653241924,0.1757834674691898,24,24,0
recency,saude,Pfizer,137,13594,0.010077975577460645,0.24711678832116787,0.6,0.11432527840378211,0.11432527840378211,0.2857315879662095,0.028587869684158537,0.15782598242676835,25,25,0
recency,saude,Novartis,122,13594,0.008974547594526996,0.23467213114754099,0.6,0.10811230105465869,0.10811230105465869,0.28121555958068933,0.02556364414436451,0.15405276134360144,26,26,0
recency,fintech,Itaú,122,13673,0.008922694361149711,0.2224590163934426,0.6,0.10599834715283221,0.10599834715283221,0.2771272369181974,0.02537305856175672,0.15096837071505048,27,28,1
recency,varejo,Walmart,261,13652,0.019118077937298566,0.3105172413793103,0.2,0.10588960157630935,0.10588960157630935,0.17654510643886964,0.049564700903369924,0.11910015710720671,28,16,12
recency,varejo,Renner,73,13652,0.005347201875183123,0.3678767123287671,0.6,0.10568013899990465,0.10568013899990465,0.3244079714013168,0.015674090329325235,0.18517749920730164,29,35,6
recency,varejo,Casas Bahia,101,13652,0.007398183416349253,0.238019801980198,0.6,0.10185049515524461,0.10185049515524461,0.2818059951321824,0.02127111735887705,0.15394386054485903,30,30,0
recency,saude,Hapvida,51,13594,0.0037516551419744006,0.45656862745098037,0.6,0.10091601106074137,0.10091601106074137,0.3534400941976516,0.011094430941990011,0.20639314994792973,31,40,9
recency,saude,Fleury,93,13594,0.006841253494188613,0.36575268817204304,0.4,0.10002941609229826,0.10002941609229826,0.2575313138887439,0.019814257070745005,0.15554292413952392,32,31,1
recency,saude,Dasa,67,13594,0.0049286449904369575,0.48089552238805966,0.4,0.09823797928024151,0.09823797928024151,0.2952747224594989,0.014459575105217408,0.18318106759127709,33,37,4
recency,tecnologia,Oracle,121,13497,0.008964955175224124,0.18727272727272729,0.4,0.08757111572364673,0.08757111572364673,0.19874589414931712,0.025128730219164813,0.11219715492331629,34,27,7
recency,tecnologia,Stefanini,59,13497,0.004371341779654738,0.3791525423728813,0.4,0.08719593571202622,0.08719593571202622,0.26117462805084535,0.012825984541758517,0.1574109406610132,35,38,3
recency,tecnologia,SAP,80,13497,0.005927243091057272,0.2761875,0.4,0.08683715433211324,0.08683715433211324,0.2273715810303524,0.017159209509505256,0.13260322085463436,36,33,3
recency,tecnologia,Locaweb,81,13497,0.006001333629695488,0.25320987654320987,0.4,0.08470898304326552,0.08470898304326552,0.21973707005763513,0.017333133081362934,0.12690326931361975,37,32,5
recency,saude,Aché Laboratórios,79,13594,0.005811387376783875,0.21398734177215192,0.4,0.07923358387564117,0.07923358387564117,0.20659957638297863,0.01673648356015517,0.1169836678691083,38,34,4
recency,tecnologia,CI&T,72,13497,0.005334518781951545,0.28604166666666664,0.2,0.06732631551637933,0.06732631551637933,0.16379206181620606,0.015309689957716229,0.10471112793583759,39,36,3
recency,fintech,Agibank,53,13673,0.003876252468368317,0.3261320754716981,0.2,0.0632332041005141,0.0632332041005141,0.17666944264668882,0.011276187204775107,0.11385877034894551,40,39,1
recency,varejo,AliExpress,34,13652,0.0024904775857017285,0.20838235294117646,0.4,0.05921083543051864,0.05921083543051864,0.20362427684229276,0.007338044180271558,0.11358987478671514,41,42,1
recency,varejo,Shein,27,13652,0.001977732200410196,0.23555555555555555,0.4,0.05711808114873353,0.05711808114873353,0.21251109591865525,0.005855087604685432,0.120075528209135,42,44,2
recency,fintech,BTG Pactual,36,13673,0.002632926204929423,0.34652777777777777,0.2,0.05671991596312785,0.05671991596312785,0.18305356799423575,0.007738114810179128,0.1182117001674021,43,41,2
recency,tecnologia,IBM Brasil,30,13497,0.002222716159146477,0.38849999999999996,0.2,0.05568886183214562,0.05568886183214562,0.1969075720530488,0.0065577496931417635,0.12845862969548788,44,43,1
recency,fintech,Will Bank,15,13673,0.0010970525853872596,0.30866666666666664,0.4,0.051356141822782274,0.051356141822782274,0.2365879064173513,0.0032705636789422555,0.137824898217899,45,48,3
recency,saude,Unimed,14,13594,0.0010298661174047373,0.3125,0.4,0.05049289377190887,0.05049289377190887,0.2378432887058016,0.0030715675232927202,0.13874291967044283,46,49,3
recency,varejo,eBay,16,13652,0.0011719894520949312,0.413125,0.2,0.045921041053641386,0.045921041053641386,0.20476566315069833,0.0034856541951553276,0.13398444367125695,47,47,0
recency,fintech,XP Investimentos,13,13673,0.0009507789073356249,0.23923076923076922,0.4,0.04497648611015812,0.04497648611015812,0.2133938493793683,0.002834335110761418,0.12037815965209367,48,50,2
recency,saude,SulAmérica Saúde,12,13594,0.0008827423863469177,0.3958333333333333,0.2,0.04119003047111436,0.04119003047111436,0.19890535857322675,0.0026307489942385054,0.12948797876514148,49,51,2
recency,tecnologia,Vtex,24,13497,0.0017781729273171815,0.19645833333333332,0.2,0.041186809240623276,0.041186809240623276,0.13274550208688352,0.005240493790112111,0.08018148708972364,50,45,5
recency,saude,Rede D'Or,4,13594,0.00029424746211563924,0.56375,0.4,0.04048428038155424,0.04048428038155424,0.32134808248737184,0.0008816336743663543,0.20111404847726938,51,57,6
recency,saude,NotreDame Intermédica,10,13594,0.0007356186552890981,0.4455,0.2,0.04031903658176461,0.04031903658176461,0.21541187288509636,0.0021951572842923315,0.14181637119317347,52,53,1
recency,saude,Roche,24,13594,0.0017654847726938355,0.18083333333333332,0.2,0.03996908012166442,0.03996908012166442,0.1275329393686757,0.0051997878017983595,0.07626762419694963,53,46,7
recency,varejo,Target,8,13652,0.0005859947260474656,0.43500000000000005,0.2,0.03707982308159616,0.03707982308159616,0.21186199824201588,0.0017504971478968885,0.1391015968356285,54,56,2
recency,fintech,CloudWalk,11,13673,0.0008045052292839903,0.30363636363636365,0.2,0.03655702812712359,0.03655702812712359,0.16814695628854923,0.002397519213651982,0.10639179404666131,55,52,3
recency,varejo,Grupo Boticário,4,13652,0.0002929973630237328,0.43374999999999997,0.2,0.029402058119571167,0.029402058119571167,0.21134766578767458,0.0008771146382934265,0.13861329841781422,56,58,2
recency,tecnologia,Tivit,8,13497,0.0005927243091057272,0.21000000000000002,0.2,0.029198957311879613,0.029198957311879613,0.13686424143636858,0.0017679433977486783,0.08285563458546344,57,55,2
recency,tecnologia,TCS,9,13497,0.0006668148477439431,0.1711111111111111,0.2,0.02836424031125749,0.02836424031125749,0.12392597531961835,0.0019860830887747614,0.07317786668642415,58,54,4
recency,tecnologia,Sinqia,2,13497,0.0001481810772764318,0.375,0.2,0.022316084835189553,0.022316084835189553,0.19171606035909217,0.0004440387793867331,0.12383890864636586,59,59,0
recency,fintech,Stone Co,1,13673,7.31368390258173e-05,0.505,0.2,0.019475376099807117,0.019475376099807117,0.2350243789463419,0.00021929856305159378,0.1562938821034155,60,66,6
recency,varejo,Petz,1,13652,7.32493407559332e-05,0.35,0.2,0.017243837443488674,0.017243837443488674,0.18335774978025196,0.0002196216233175415,0.11754394960445355,61,63,2
recency,fintech,Dock,2,13673,0.0001462736780516346,0.1725,0.2,0.01715253940221781,0.01715253940221781,0.12421542455935054,0.00043812908298736307,0.07321276420683098,62,60,2
recency,fintech,Wise,2,13673,0.0001462736780516346,0.11499999999999999,0.2,0.014984123342397113,0.014984123342397113,0.10504875789268388,0.0004379436956735606,0.05883776420683098,63,61,2
recency,tecnologia,Salesforce,1,13497,7.40905386382159e-05,0.10999999999999999,0.2,0.011768699604528931,0.011768699604528931,0.10335803017954608,0.00022203980568152762,0.05754445432318293,64,62,2
recency,varejo,Riachuelo,1,13652,7.32493407559332e-05,0.10499999999999998,0.2,0.011543592970531999,0.011543592970531999,0.10169108311358531,0.0002195144896984986,0.05629394960445355,65,64,1
recency,varejo,Netshoes,1,13652,7.32493407559332e-05,0.07499999999999996,0.2,0.01031885856407444,0.01031885856407444,0.0916910831135853,0.00021945331740264807,0.048793949604453546,66,65,1
